scope_level,category1,category2,product_count,comment_count,products_with_comments,products_without_comments,product_comment_coverage_pct,products_with_at_least_5_comments,products_with_at_least_10_comments,products_with_at_least_20_comments,products_with_at_least_50_comments,median_comments_per_commented_product,p95_comments_per_commented_product,non_empty_body_count,buyer_comment_count,valid_positive_rating_count,unique_brand_count,products_with_valid_historical_price,historical_price_coverage_pct,historical_price_p05,historical_price_p50,historical_price_p95
category1,آبسلانگ,,30,728,28,2,93.33333333333333,19,14,7,4,10.0,118.19999999999996,727,710,671,3,30,100.0,130400.0,352600.0,2055499.9999999993
category1,آرایش ابرو,,930,19874,616,314,66.23655913978494,365,265,190,113,7.0,200.0,19874,19141,18581,119,929,99.89247311827957,181560.00000000003,999000.0,5475999.999999994
category1,آرایش صورت,,4282,42080,1304,2978,30.453059318075667,797,562,394,232,7.0,200.0,42078,39955,39961,258,4282,100.0,550000.0,2505400.0,15976149.999999985
category1,آرایش لب,,4752,63240,2112,2640,44.44444444444444,1129,842,626,352,5.0,200.0,63230,60247,59717,220,4752,100.0,400000.0,1350000.0,7935999.999999985
category1,آرایش مو,,13675,140293,7805,5870,57.074954296160875,3854,2587,1559,691,4.0,90.0,140281,136910,129781,238,13673,99.9853747714808,300000.0,750000.0,3300000.0
category1,آرایش چشم,,3261,39213,1188,2073,36.43054277828887,703,541,353,220,7.0,200.0,39209,37619,37439,188,3261,100.0,394000.0,1911000.0,13160000.0
category1,آغوشی,,79,0,0,79,0.0,0,0,0,0,,,0,0,0,5,79,100.0,1850000.0,2520000.0,13959999.999999996
category1,آلبوم عکس,,21,388,10,11,47.61904761904762,10,6,2,2,10.0,160.39999999999992,387,375,385,1,21,100.0,475000.0,800000.0,950000.0
category1,آموزش تعمیرات,,7,15,5,2,71.42857142857143,2,0,0,0,2.0,5.0,15,15,14,1,7,100.0,1870000.0,2040000.0,6854999.999999995
category1,آموزش زبان,,154,1652,123,31,79.87012987012987,56,33,15,7,3.0,53.49999999999979,1652,1497,1538,10,154,100.0,350000.0,1150000.0,4774999.999999998
category1,آموزش عکاسی و فیلم‌برداری,,12,50,9,3,75.0,3,1,1,0,2.0,18.799999999999994,50,47,43,3,12,100.0,500000.0,1310000.0,1970000.0
category1,آموزش موبایل و تبلت,,5,12,3,2,60.0,2,0,0,0,5.0,5.9,12,12,11,2,5,100.0,778000.0,1170000.0,9650000.0
category1,آموزش موسیقی,,136,848,115,21,84.55882352941177,50,23,8,1,3.0,20.0,848,756,759,9,136,100.0,380000.0,1360000.0,7000000.0
category1,آموزش نرم‌افزار و کامپیوتر,,936,3019,453,483,48.3974358974359,136,67,26,10,3.0,26.0,3019,2868,2689,14,936,100.0,400000.0,1590000.0,3900000.0
category1,آویز تخت کودک,,395,467,124,271,31.39240506329114,27,14,3,0,2.0,12.0,467,434,452,25,395,100.0,835000.0000000001,5250000.0,13894999.999999993
category1,ابزار ایمنی کودک و نوزاد,,503,0,0,503,0.0,0,0,0,0,,,0,0,0,18,503,100.0,299700.0,1850000.0,8491499.999999998
category1,ابزار توانمند سازی,,244,1954,169,75,69.26229508196721,89,56,22,9,5.0,50.99999999999994,1954,1876,1803,10,244,100.0,293000.0,2590000.0,19049999.99999998
category1,ابزار دستی,,339,4207,188,151,55.45722713864307,104,72,47,28,6.0,110.85000000000005,4207,4040,3903,13,339,100.0,899000.0,2599100.0,9886999.99999997
category1,ابزار طراحی و مهندسی,,1885,16586,681,1204,36.12732095490716,340,242,164,93,4.0,159.0,16586,16188,15692,28,1885,100.0,210000.0,259000.0,902500.0
category1,ابزار مراقبت از پوست,,408,13790,324,84,79.41176470588235,216,169,123,83,10.0,200.0,13790,12873,12749,43,407,99.75490196078431,330600.0,6510000.0,71399999.99999997
category1,ابزار مراقبت پا,,1324,22277,986,338,74.47129909365559,570,398,277,139,6.0,104.0,22276,21582,20926,25,1324,100.0,179000.0,800000.0,3090000.0
category1,ابزار نقاشی و رنگ آمیزی,,6689,76117,2882,3807,43.08566302885334,1649,1189,787,422,6.0,163.94999999999982,76109,73980,71452,77,6689,100.0,280000.0,736000.0,1090000.0
category1,ابزار کار هنری و دستی,,1688,5768,601,1087,35.6042654028436,229,129,58,20,3.0,34.0,5768,5573,5444,7,1688,100.0,210000.0,697300.0,5400000.0
category1,اتو و حالت دهنده ی مو,,691,17889,542,149,78.4370477568741,337,234,157,93,7.0,200.0,17887,16027,16863,64,691,100.0,1990000.0,9579000.0,34576850.0
category1,اسباب بازی,,42645,414786,19885,22760,46.62914761402275,9523,6580,4230,2185,4.0,130.0,414724,383876,388460,437,42631,99.96717082893657,350000.0,1600000.0,17900000.0
category1,استریل، گرم و خشک کننده شیشه شیر,,33,0,0,33,0.0,0,0,0,0,,,0,0,0,12,33,100.0,1680000.0,12990000.0,55599999.99999999
category1,اسپری,,2097,47825,1583,514,75.48879351454458,1045,757,505,282,8.0,199.6999999999996,47820,46116,45738,102,2097,100.0,388800.0,950000.0,2800000.0
category1,اصلاح موی بدن آقایان,,55,2677,49,6,89.0909090909091,38,31,22,15,15.0,200.0,2677,2377,2537,12,55,100.0,3423000.0,9800000.0,51746899.999999985
category1,اصلاح موی بدن بانوان,,284,8485,238,46,83.80281690140845,174,128,88,49,12.0,200.0,8483,7628,7923,49,284,100.0,2798000.0,12475000.0,130779999.99999976
category1,اصلاح موی سر,,599,19012,482,117,80.46744574290484,323,247,182,104,10.0,200.0,19010,16984,17946,58,599,100.0,3267500.0,10010000.0,67089000.00000002
category1,اصلاح موی صورت,,879,29856,726,153,82.5938566552901,541,418,303,173,13.0,200.0,29855,26298,28315,73,878,99.88623435722411,3000000.0,9940000.0,120599999.99999991
category1,اصلاح موی گوش، بینی و ابرو,,140,6754,127,13,90.71428571428571,103,84,65,42,20.0,200.0,6754,6412,6272,30,140,100.0,1859500.0,3878000.0,14259999.99999998
category1,البسه طبی و پزشکی,,342,1860,179,163,52.33918128654971,78,45,24,7,3.0,38.69999999999996,1860,1773,1721,8,342,100.0,380500.0,960000.0,5700000.0
category1,اکسسوری زنانه,,57514,124474,13348,44166,23.208262336126857,3585,1993,1134,517,2.0,36.0,124454,117539,115985,600,57510,99.99304517161039,420000.0,2700000.0,46449499.999999605
category1,اکسسوری زنانه و مردانه,,52644,238226,16845,35799,31.99794848415774,6229,3901,2327,1151,3.0,71.0,238195,226420,205337,543,52643,99.9981004482942,330000.0,1250000.0,29370000.0
category1,اکسسوری مردانه,,32337,119984,9420,22917,29.13071713517024,3467,2120,1261,575,3.0,62.04999999999927,119962,113098,110090,456,32336,99.9969075671831,679625.0,4850000.0,109800000.0
category1,اکسسوری و زیورآلات دست ساز,,511,0,0,511,0.0,0,0,0,0,,,0,0,0,4,511,100.0,450000.0,2046100.0,18500000.0
category1,اکسسوری ورزشی,,1806,9472,713,1093,39.479512735326686,233,140,92,49,2.0,68.39999999999998,9472,9098,8987,36,1803,99.83388704318936,290000.0,760000.0,7000000.0
category1,بادی اسپلش,,1378,18832,839,539,60.88534107402032,454,318,207,105,5.0,128.49999999999955,18832,17756,17693,82,1377,99.92743105950653,690000.0,1560000.0,3990000.0
category1,بازی های کامپیوتری,,768,10739,602,166,78.38541666666667,394,253,142,47,7.0,71.8499999999998,10735,9318,10207,13,766,99.73958333333333,190000.0,417500.0,1200000.0
category1,بازی های کنسول خانگی,,760,10211,628,132,82.63157894736842,374,257,148,45,6.0,68.64999999999998,10209,8913,8524,16,759,99.86842105263158,151800.0,263000.0,19510000.000000004
category1,بالش شیردهی,,193,0,0,193,0.0,0,0,0,0,,,0,0,0,9,193,100.0,870000.0,3300000.0,8800000.0
category1,بالش کودک و نوزاد,,1087,376,79,1008,7.267709291628335,16,10,2,1,2.0,12.499999999999972,376,362,345,9,1087,100.0,1299000.0,1890000.0,1990000.0
category1,باند و گاز,,315,3583,194,121,61.58730158730159,89,55,35,17,3.0,126.04999999999998,3583,3481,3464,13,315,100.0,193500.0,800000.0,3915000.0000000005
category1,برس‌ها و تجهیزات آرایشی,,15872,213644,5278,10594,33.25352822580645,3363,2637,1988,1214,9.0,200.0,213631,207757,203471,248,15868,99.97479838709677,209000.0,690000.0,4100000.0
category1,بسته های لوازم تحریر,,469,4370,241,228,51.38592750533049,113,76,48,20,4.0,80.0,4370,4137,4167,11,469,100.0,160400.0,310000.0,950000.0
category1,بهداشت جنسی,,1200,49244,898,302,74.83333333333333,656,538,434,284,18.0,201.0,49234,48965,47528,32,1200,100.0,245950.0,820000.0,3801174.999999999
category1,بهداشت دهان و دندان,,2953,98642,2066,887,69.96274974602099,1496,1217,912,593,14.5,200.0,98630,95930,93076,152,2952,99.96613613274636,239000.0,1000000.0,18466399.999999892
category1,بهداشت زنان,,875,27343,697,178,79.65714285714286,504,378,264,150,12.0,200.0,27342,27293,26236,45,874,99.88571428571429,278260.0,470400.0,3990000.0
category1,بهداشت و خانواده,,8,13,4,4,50.0,1,0,0,0,3.0,5.699999999999999,13,13,12,3,8,100.0,150000.0,1445000.0,3799999.999999999
category1,بهداشت و زیبایی ناخن,,12157,142339,5303,6854,43.6209591182035,2797,2017,1396,804,5.0,190.0,142328,136239,134970,196,12155,99.9835485728387,167490.00000000003,488000.0,2199439.9999999995
category1,بهداشت و سلامت کودک,,567,5199,277,290,48.85361552028219,131,95,56,28,4.0,96.39999999999992,5198,5016,4939,44,567,100.0,300000.0,1344200.0,4964349.999999994
category1,بهداشت و مراقبت بدن,,3503,112971,2468,1035,70.45389666000571,1717,1398,1030,644,14.0,201.0,112963,109183,107572,337,3503,100.0,220000.0,870000.0,6089999.999999964
category1,بهداشت و نگهداری کودک,,116,2931,107,9,92.24137931034483,76,61,38,19,13.0,106.09999999999997,2931,2822,2755,21,116,100.0,198200.0,534500.0,2017500.0
category1,بیگودی و فر کننده ی مو,,213,4069,161,52,75.5868544600939,87,64,44,21,5.0,200.0,4069,3682,3848,36,213,100.0,3100000.000000001,9880000.0,40215999.99999995
category1,تابلو فرش,,9430,2632,700,8730,7.423117709437964,85,45,26,7,1.0,13.0,2631,2369,2343,13,9430,100.0,1350000.0,9990000.0,330000000.0
category1,تب سنج و دماسنج,,38,1271,37,1,97.36842105263158,26,20,16,10,14.0,101.3999999999999,1271,1114,1198,13,38,100.0,1025500.0,14000000.0,22299999.999999996
category1,تبلت,,81,0,0,81,0.0,0,0,0,0,,,0,0,0,11,81,100.0,46500000.0,436900000.0,795000000.0
category1,تجهیزات استودیویی,,1090,12438,759,331,69.63302752293578,367,242,133,56,4.0,77.10000000000002,12436,11448,10783,70,1090,100.0,701350.0,7300000.0,194854999.99999964
category1,تجهیزات بیمارستانی,,1373,17967,846,527,61.61689730517116,501,350,208,98,6.5,101.75,17965,17376,16661,42,1373,100.0,213000.00000000003,1467700.0,35219999.999999925
category1,تجهیزات دندانپزشکی,,348,994,169,179,48.5632183908046,54,21,8,3,3.0,18.0,994,945,903,4,348,100.0,391380.00000000006,1819250.0,20841469.99999997
category1,تجهیزات سنجش و ارزیابی سلامت بدن,,4,5,2,2,50.0,0,0,0,0,2.5,2.95,5,5,5,1,4,100.0,3384450.0,8829000.0,43305299.999999985
category1,تختخواب کودک و نوزاد,,66,346,35,31,53.03030303030303,13,9,7,1,2.0,37.799999999999955,346,243,334,5,66,100.0,27000000.0,44917000.0,138000000.0
category1,ترازو,,354,9548,226,128,63.84180790960452,129,109,86,55,9.0,200.0,9547,9075,9086,62,354,100.0,2882500.0,8075000.0,27000000.0
category1,ترشیجات و شور خانگی,,295,0,0,295,0.0,0,0,0,0,,,0,0,0,8,295,100.0,374000.0,750000.0,1981500.0
category1,تزئینات اتاق کودک,,1649,7178,791,858,47.96846573681019,309,161,82,29,3.0,37.0,7178,6819,6724,18,1649,100.0,480000.0,1554000.0,4829999.999999995
category1,تزریقات,,44,119,21,23,47.72727272727273,9,3,2,0,4.0,22.0,119,117,119,2,44,100.0,223000.0,1700000.0,29785000.0
category1,تست خانگی,,72,2951,62,10,86.11111111111111,49,39,29,17,18.0,200.0,2951,2871,2818,8,72,100.0,111000.0,389450.0,3798000.0000000047
category1,تست قند خون,,31,3013,31,0,100.0,29,29,25,19,82.0,200.0,3012,2809,2812,10,31,100.0,1877900.0,5208000.0,12100000.0
category1,تشک مواج,,10,285,10,0,100.0,8,3,2,1,7.0,123.49999999999982,285,273,258,5,10,100.0,24875000.0,41600000.0,82237499.99999999
category1,تشک و پتوی برقی,,95,1233,72,23,75.78947368421052,48,34,17,5,7.5,51.80000000000001,1233,1139,1066,15,95,100.0,3235000.0,14400000.0,55000000.0
category1,تشک کودک و نوزاد,,124,770,76,48,61.29032258064516,32,17,9,4,3.5,49.0,770,709,659,10,124,100.0,532220.0,2760000.0,14041499.999999983
category1,تنقلات خانگی,,1035,0,0,1035,0.0,0,0,0,0,,,0,0,0,11,1035,100.0,341000.0,1529000.0,5451800.0
category1,حقوق و مدیریت,,99,63,18,81,18.181818181818183,3,2,0,0,2.0,11.749999999999993,63,54,54,5,99,100.0,286000.0,7990000.0,121499999.99999963
category1,حمام آلتراسونیک,,21,121,10,11,47.61904761904762,7,5,2,0,9.5,31.149999999999984,121,110,115,4,21,100.0,310000.0,128250000.0,576200000.0
category1,حمام کودک و شست و شو,,2164,23366,882,1282,40.75785582255083,467,334,239,135,5.0,175.94999999999993,23366,22503,21862,168,2163,99.95378927911275,300000.0,1880000.0,12800000.0
category1,خواب و حمام,,55,0,0,55,0.0,0,0,0,0,,,0,0,0,2,55,100.0,1994000.0,4300000.0,9886029.999999993
category1,خوار و بار محلی,,411,0,0,411,0.0,0,0,0,0,,,0,0,0,21,411,100.0,1085000.0,3900000.0,12894000.0
category1,دخترانه,,35260,92266,9569,25691,27.13840045377198,2920,1673,896,391,2.0,38.0,92255,88125,83370,377,35259,99.99716392512762,288000.0,1380000.0,6480000.0
category1,دست بافته‌ ها، رودوزی و محصولات پارچه ای و چرمی,,14768,16738,2783,11985,18.844799566630552,816,390,178,40,2.0,24.0,16736,15529,15955,51,14767,99.99322860238354,455000.0,2250000.0,12000000.0
category1,دست سازه های هنری,,15228,25415,2125,13103,13.954557394273706,704,430,254,122,2.0,56.799999999999955,25411,24217,24236,48,15226,99.98686629892303,427500.0,1400000.0,26900000.0
category1,دستکش‌های طبی,,219,2804,144,75,65.75342465753425,77,52,29,13,6.0,122.04999999999993,2804,2677,2804,5,219,100.0,335900.0,1485000.0,9352999.999999989
category1,دستگاه بخور و رطوبت ساز,,412,13573,340,72,82.52427184466019,256,195,140,77,13.5,200.0,13572,12449,12732,41,412,100.0,1249640.0,9845000.0,42359999.99999999
category1,دفتر و کاغذ و مقوا,,30065,152332,8328,21737,27.69998336936637,3463,2331,1477,801,3.0,115.0,152319,146869,146044,116,30057,99.97339098619658,250000.0,600000.0,1000000.0
category1,دکوراتیو سنتی,,428,0,0,428,0.0,0,0,0,0,,,0,0,0,6,428,100.0,380000.0,3000000.0,26324999.99999999
category1,دکوراسیون و معماری,,8,15,5,3,62.5,1,0,0,0,2.0,5.6,15,14,13,2,8,100.0,1053000.0,2000000.0,3500000.0
category1,روفرشی و پشتی,,451,4271,306,145,67.84922394678492,147,102,53,22,4.0,63.0,4270,4044,4038,9,451,100.0,1245000.0,4920000.0,14990000.0
category1,رومیزی، رانر و زیربشقابی سنتی,,41,0,0,41,0.0,0,0,0,0,,,0,0,0,3,41,100.0,480000.0,2760000.0,25000000.0
category1,زیراندازهای طبی و پزشکی,,102,3892,91,11,89.2156862745098,68,50,41,22,11.0,200.0,3891,3752,3629,12,102,100.0,380450.0,1131700.0,5500000.0
category1,زیورآلات طلا بچگانه,,2541,129,44,2497,1.7316017316017316,3,1,1,1,1.0,7.400000000000006,129,120,98,8,2541,100.0,5268800.0,8484300.0,39900000.0
category1,زیورآلات طلا زنانه,,32903,0,0,32903,0.0,0,0,0,0,,,0,0,0,35,32902,99.99696076345622,11400000.0,31818200.0,106061600.0
category1,زیورآلات طلا مردانه,,3632,254,116,3516,3.193832599118943,10,5,1,0,1.0,7.5,253,234,237,13,3632,100.0,5268800.0,9345000.0,15350000.0
category1,سازهای افکت,,55,265,26,29,47.27272727272727,11,11,5,1,3.0,35.5,265,248,238,4,55,100.0,923000.0,5900000.0,19000000.0
category1,سازهای الکترونیک,,7,18,5,2,71.42857142857143,2,0,0,0,3.0,5.8,18,7,18,2,7,100.0,116280000.0,200000000.0,553509999.9999999
category1,سازهای بادی,,140,2064,111,29,79.28571428571429,57,43,29,9,5.0,99.0,2064,1849,1863,10,140,100.0,1942785.0,24465000.0,170499999.99999982
category1,سازهای زهی,,523,4326,304,219,58.12619502868069,128,83,51,21,3.0,71.0,4325,3312,3972,28,523,100.0,15599000.000000002,36950000.0,268479999.99999964
category1,سازهای صفحه کلیددار,,250,2222,158,92,63.2,79,49,29,9,4.5,51.45000000000002,2222,1797,1902,20,250,100.0,4889100.0,14000000.0,638159999.9999998
category1,سازهای کوبه‌ای,,276,731,143,133,51.81159420289855,35,21,5,2,2.0,18.0,730,592,634,9,276,100.0,3867500.0,34900000.0,242500000.0
category1,سالنامه,,455,4093,249,206,54.72527472527472,119,85,52,24,4.0,82.99999999999991,4093,3934,4060,17,455,100.0,179700.0,560000.0,1000000.0
category1,ساپورت های طبی,,2030,21454,1261,769,62.118226600985224,698,442,266,97,6.0,79.0,21450,20376,20048,48,2030,100.0,599000.0,2000000.0,8550000.0
category1,ساک لوازم کودک و نوزاد,,445,0,0,445,0.0,0,0,0,0,,,0,0,0,24,445,100.0,970000.0,3154000.0,19643999.999999948
category1,ست عطر و ادکلن,,124,471,83,41,66.93548387096774,25,8,3,2,2.0,15.599999999999966,471,447,471,15,124,100.0,1290000.0,4600000.0,42168999.999999925
category1,سرویس خواب کودک و نوزاد,,662,3778,319,343,48.18731117824773,121,75,43,17,3.0,51.0,3778,3561,3511,36,661,99.8489425981873,735000.0,5590000.0,23000000.0
category1,سریال,,258,1647,198,60,76.74418604651163,101,60,22,1,5.0,29.149999999999977,1647,1450,1464,3,258,100.0,440750.00000000006,1100000.0,1990000.0
category1,سشوار,,706,17792,537,169,76.06232294617564,331,245,158,91,8.0,200.0,17792,16097,16691,97,706,100.0,3300000.0,13616650.0,49900000.0
category1,سلامت محیط,,3705,48630,2024,1681,54.62887989203779,1105,774,542,271,6.0,144.8499999999999,48626,46089,39637,128,3705,100.0,622000.0000000001,16100000.0,127851999.99999996
category1,سمعک و لوازم جانبی,,17,251,16,1,94.11764705882354,6,5,5,1,2.5,55.25,251,245,157,2,17,100.0,254000.0,965000.0,56599999.99999999
category1,سوند و کتترهای ادراری,,90,62,29,61,32.22222222222222,1,1,0,0,1.0,4.0,62,60,62,2,90,100.0,159000.0,1500500.0,45000000.0
category1,شامپو و مراقبت مو,,7448,212710,5150,2298,69.14607948442534,3551,2779,2056,1207,12.0,200.0,212699,202229,201890,558,7441,99.90601503759399,435000.0,1732500.0,9700000.0
category1,شیردوش,,92,0,0,92,0.0,0,0,0,0,,,0,0,0,20,92,100.0,465500.0,12664000.0,85900000.0
category1,شیشه شیر، سرلاک و داروخوری,,537,0,0,537,0.0,0,0,0,0,,,0,0,0,35,537,100.0,604000.0,3790000.0,11000000.0
category1,صابون شستشو,,1174,37473,921,253,78.44974446337308,648,507,370,227,12.0,200.0,37472,36005,35531,107,1172,99.82964224872232,230000.0,630000.0,2691160.000000001
category1,صبحانه محلی,,869,0,0,869,0.0,0,0,0,0,,,0,0,0,25,869,100.0,498000.0,1800000.0,6400000.0
category1,صندلی خودرو کودک و نوزاد,,65,0,0,65,0.0,0,0,0,0,,,0,0,0,15,65,100.0,13918000.0,67000000.0,223799999.99999985
category1,صندلی غذاخوری کودک و نوزاد,,112,1074,76,36,67.85714285714286,40,22,13,5,5.0,52.0,1074,995,962,17,112,100.0,7984500.000000002,23450000.0,133000000.0
category1,ضد تعریق,,1820,47471,1196,624,65.71428571428571,795,613,455,260,10.0,200.25,47469,46102,44872,120,1816,99.78021978021978,459900.0,1350000.0,3781000.0
category1,ظروف سنتی,,424,0,0,424,0.0,0,0,0,0,,,0,0,0,4,424,100.0,522500.0,2380000.0,9709999.99999998
category1,عطر جیبی,,3397,61744,2469,928,72.68177803944657,1444,969,625,325,6.0,167.19999999999936,61736,59265,58456,135,3397,100.0,408000.0000000001,1200000.0,3200000.0
category1,عطر و ادکلن زنانه,,3074,42241,2053,1021,66.78594664931686,1099,754,467,214,5.0,111.19999999999959,42234,36743,39214,290,3074,100.0,1400000.0,5500000.0,63863499.99999998
category1,عطر و ادکلن مردانه,,3491,66726,2633,858,75.42251503867087,1571,1080,733,364,7.0,147.4000000000001,66716,58982,61987,287,3491,100.0,1395000.0,5500000.0,51050000.0
category1,عطر و ادکلن مردانه و زنانه,,485,4324,251,234,51.75257731958763,131,93,52,24,5.0,68.5,4322,3924,4014,79,485,100.0,1050000.0,5980000.0,90000000.0
category1,عطر و ادکلن کودکان,,123,2241,108,15,87.8048780487805,76,53,35,10,9.0,64.0,2241,2130,2170,7,123,100.0,518000.00000000006,950000.0,3850000.0
category1,غذاساز و بخارپز کودک و نوزاد,,5,7,2,3,40.0,1,0,0,0,3.5,4.85,7,4,7,3,5,100.0,12040000.0,70000000.0,73600000.0
category1,غیر خوراکی,,454,145,67,387,14.757709251101321,6,1,0,0,1.0,6.699999999999996,145,125,145,4,454,100.0,290000.0,1125000.0,4300000.0
category1,فرش,,7236,14141,1322,5914,18.269762299613046,453,257,143,66,2.0,48.950000000000045,14139,12930,12804,58,7236,100.0,662700.0,68450000.0,737500000.0
category1,فرهنگ، هنر و فلسفه,,96,240,55,41,57.291666666666664,11,4,1,1,2.0,13.09999999999998,240,222,221,11,96,100.0,295000.0,1170000.0,10250000.0
category1,فشارسنج,,262,12112,217,45,82.82442748091603,170,133,106,70,19.0,200.0,12112,11361,11268,29,262,100.0,1681000.0,16325000.0,37949999.999999985
category1,فیلم تئاتر,,7,5,3,4,42.857142857142854,0,0,0,0,1.0,2.8,5,5,5,4,7,100.0,331000.0,600000.0,1070000.0
category1,فیلم سینمایی,,74,291,58,16,78.37837837837837,20,9,1,0,3.0,14.299999999999997,291,244,275,11,74,100.0,118845.0,170000.0,328499.99999999936
category1,قاشق، چنگال و ظروف کودک و نوزاد,,1538,9947,980,558,63.71911573472042,390,221,122,45,3.0,42.24999999999977,9946,9192,9303,48,1537,99.93498049414825,272620.0,900000.0,5800000.0
category1,قالی و قالیچه,,400,0,0,400,0.0,0,0,0,0,,,0,0,0,2,400,100.0,5595000.0,22650000.0,350119999.99999946
category1,قمقمه و فلاسک کودک و نوزاد,,617,3421,292,325,47.3257698541329,99,59,33,14,2.0,45.349999999999966,3421,3233,3292,17,617,100.0,365000.0,2711500.0,6900000.0
category1,لباس زنانه,,77928,246104,24931,52997,31.992351914587825,7601,4299,2426,1067,2.0,42.0,246079,239425,230522,685,77924,99.99486705677035,540420.0000000002,2680000.0,11500000.0
category1,لباس سنتی و محلی,,92,0,0,92,0.0,0,0,0,0,,,0,0,0,3,92,100.0,1300000.0,3815000.0,16670000.000000002
category1,لباس مردانه,,55970,275273,19656,36314,35.118813650169734,7438,4672,2773,1330,3.0,70.0,275242,266800,258635,489,55968,99.99642665713775,503675.0000000002,2710000.0,14500000.0
category1,لبنیات سنتی,,150,0,0,150,0.0,0,0,0,0,,,0,0,0,9,150,100.0,338550.0,872800.0,2571499.9999999977
category1,لوازم آشپزخانه سنتی,,172,0,0,172,0.0,0,0,0,0,,,0,0,0,5,172,100.0,385500.0,1250000.0,8000000.0
category1,لوازم اداری,,7129,127806,3463,3666,48.57623790152897,2163,1655,1236,733,9.0,200.0,127794,125044,119756,118,7129,100.0,200000.0,530000.0,1049879.9999999998
category1,لوازم اصلاح مو,,2444,97953,1838,606,75.20458265139116,1383,1156,890,570,18.0,200.14999999999986,97944,95192,93169,140,2443,99.95908346972176,228000.0,1100000.0,6976000.000000013
category1,لوازم تعویض,,1527,42246,958,569,62.737393582187295,618,494,394,249,11.0,200.0,42241,40548,40038,125,1527,100.0,350000.0,1300000.0,8500000.0
category1,لوازم تم عکاسی کودک,,13,163,13,0,100.0,10,6,3,0,9.0,29.599999999999994,163,159,163,1,13,100.0,660000.0,2020000.0,2500000.0
category1,لوازم جانبی آلات موسیقی,,2300,32536,1696,604,73.73913043478261,900,617,378,160,5.0,94.25,32530,30375,29937,121,2300,100.0,360000.0,4000000.0,55000000.0
category1,لوازم جانبی تست قند خون,,85,3968,73,12,85.88235294117646,56,48,40,24,23.0,200.0,3967,3865,3760,16,85,100.0,606980.0,2325000.0,10859999.999999998
category1,لوازم جانبی ساعت تندرستی,,6,1,1,5,16.666666666666668,0,0,0,0,1.0,1.0,1,0,1,3,6,100.0,21200000.0,30000000.0,48125000.0
category1,لوازم جانبی ساعت و مچ بند هوشمند,,9312,20907,1598,7714,17.1606529209622,558,371,241,103,2.0,63.0,20903,20368,20000,35,9312,100.0,396000.0,935200.0,1837500.0
category1,لوازم جانبی فرش و ابزار فرش,,1324,7507,229,1095,17.29607250755287,144,103,70,46,7.0,200.0,7507,7352,6972,4,1324,100.0,320000.0,29647500.0,62435799.999999985
category1,لوازم جانبی کنسول بازی,,5689,35965,2387,3302,41.958164879592196,1020,663,389,172,3.0,80.69999999999982,35956,32671,33621,34,5688,99.98242221831605,189000.0,1113050.0,8682499.999999981
category1,لوازم جانبی گردش و سفر کودک و نوزاد,,52,0,0,52,0.0,0,0,0,0,,,0,0,0,13,52,100.0,1149500.0,3095000.0,13941749.999999996
category1,لوازم سفر,,4853,21558,755,4098,15.557387183185659,435,307,215,125,7.0,178.29999999999995,21557,20796,20528,172,4840,99.73212445909746,1050000.0,5500000.0,112025000.00000009
category1,لوازم ماهیگیری,,976,4654,365,611,37.39754098360656,165,111,60,19,4.0,52.200000000000045,4654,4374,4352,34,975,99.89754098360656,420000.0,1650000.0,20000000.0
category1,لوازم پزشکی,,36,121,13,23,36.111111111111114,6,3,2,0,4.0,31.59999999999998,120,92,85,4,36,100.0,1057500.0,13750000.0,105247500.0
category1,لوازم کمپینگ,,13304,80510,2986,10318,22.444377630787734,1451,1091,776,449,4.0,200.0,80495,77554,76166,265,13295,99.93235117257967,199000.0,1200000.0,18500000.0
category1,ماساژور,,1032,27232,735,297,71.22093023255815,477,372,262,152,10.0,200.0,27230,25844,26064,82,1032,100.0,289000.0,9000000.0,150539999.9999999
category1,ماسک و لوازم جانبی ماسک,,376,14092,276,100,73.40425531914893,201,163,114,72,13.0,200.0,14091,13708,9836,12,376,100.0,200000.0,600000.0,2100000.0
category1,مانیتور و پیجر اتاق کودک و نوزاد,,40,0,0,40,0.0,0,0,0,0,,,0,0,0,10,40,100.0,11725000.0,44307250.0,166829999.99999985
category1,مجلات,,1367,2238,486,881,35.55230431602048,128,43,11,4,2.0,13.0,2238,2045,2122,59,1367,100.0,425699.99999999994,1000000.0,5000000.0
category1,محافظ و پد سینه,,80,0,0,80,0.0,0,0,0,0,,,0,0,0,16,80,100.0,358500.0,866000.0,3839999.9999999977
category1,محصولات استخوانی,,15,0,0,15,0.0,0,0,0,0,,,0,0,0,1,15,100.0,9500000.0,10000000.0,21196999.999999996
category1,محصولات سنگی، چینی و سرامیکی,,13562,9925,2195,11367,16.184928476625867,365,175,80,25,1.0,15.0,9924,9417,9559,8,13561,99.99262645627489,290000.0,750000.0,3500000.0
category1,محصولات فلزی,,3142,1506,238,2904,7.574793125397836,65,34,21,4,2.0,31.149999999999977,1506,1440,1347,8,3140,99.93634627625715,1769500.0000000002,8500000.0,38904999.99999997
category1,محصولات چوبی و حصیری,,10878,3634,721,10157,6.628056628056628,109,53,27,12,1.0,15.0,3633,3465,3275,16,10878,100.0,1020000.0,2270000.0,10801499.999999996
category1,مد و پوشاک دخترانه و پسرانه,,13219,33282,3837,9382,29.02640139193585,1306,732,386,128,2.0,36.0,33280,31768,24494,186,13218,99.99243513125047,389000.0,1380000.0,9850000.0
category1,مراقبت پوست,,11125,392257,8518,2607,76.56629213483146,5870,4711,3587,2255,12.5,201.0,392226,371834,375754,660,11121,99.96404494382023,278100.0,1375000.0,13950000.0
category1,مراقبت کودکان,,10,531,8,2,80.0,7,7,5,3,21.0,200.0,531,492,505,4,10,100.0,183985.0,4060000.0,35855999.99999996
category1,مستند,,46,86,24,22,52.17391304347826,8,1,0,0,2.5,8.849999999999998,86,72,73,13,46,100.0,180000.0,870000.0,2800000.0
category1,ملحفه کودک و نوزاد,,27,27,13,14,48.148148148148145,1,1,0,0,1.0,5.79999999999999,27,27,27,3,27,100.0,459000.0,2190000.0,2989999.999999999
category1,ملزومات شیشه شیر,,193,0,0,193,0.0,0,0,0,0,,,0,0,0,24,193,100.0,271620.0,2750000.0,6349999.999999994
category1,ملزومات هدیه,,10171,20470,2581,7590,25.376069216399568,661,342,178,79,2.0,28.0,20469,19810,19674,24,10171,100.0,170000.0,540000.0,959000.0
category1,مواد غذایی,,14314,29893,4220,10094,29.48162637976806,1403,673,328,90,2.0,28.0,29893,27625,27297,74,14313,99.99301383261142,338000.0,1000000.0,9262680.0
category1,موسیقی با کلام,,1137,2833,546,591,48.02110817941953,166,60,19,7,3.0,16.0,2832,2487,2620,50,1137,100.0,258000.00000000003,1000000.0,2600000.0
category1,موسیقی بی‌کلام,,872,603,325,547,37.27064220183486,15,4,1,0,1.0,4.0,603,549,573,25,872,100.0,500000.0,1000000.0,2500000.0
category1,موکت,,53,746,42,11,79.24528301886792,28,23,15,1,12.0,43.84999999999999,746,687,659,3,53,100.0,1680000.0,4800000.0,38183999.999999985
category1,مکمل تجهیزات پزشکی,,561,11282,348,213,62.032085561497325,203,151,107,66,7.0,200.0,11281,10756,10614,39,560,99.82174688057042,329650.0,1455600.0,25049999.999999955
category1,نرم افزار,,1173,5589,511,662,43.56351236146632,206,108,50,23,3.0,39.5,5588,5219,5222,44,1173,100.0,290000.0,1690000.0,88288799.9999999
category1,نقاشی و دست‌نوشته‌های هنری,,246,9,6,240,2.4390243902439024,0,0,0,0,1.0,2.75,9,0,8,1,246,100.0,2500000.0,5500000.0,40000000.0
category1,نمایشگر ضربان قلب,,60,1235,45,15,75.0,29,21,16,8,8.0,109.79999999999994,1235,1147,1139,15,60,100.0,2690000.0,16200000.0,95000000.0
category1,نوزاد,,15448,46460,4380,11068,28.3531848783014,1466,852,462,200,2.0,44.0,46457,44252,44030,190,15448,100.0,390000.0,1450000.0,5900000.0
category1,نوشت افزار,,10386,226662,6517,3869,62.74792990564221,4026,3035,2160,1277,8.0,200.0,226644,217199,216318,144,10385,99.99037165414981,198000.0,469200.0,975000.0
category1,ورزش های هوازی و تناسب اندام,,1151,10123,294,857,25.543006081668114,176,141,94,59,8.0,200.0,10122,9759,9850,47,1150,99.9131190269331,497545.0,2990000.0,9900000.0
category1,ورزش و سرگرمی,,58,272,44,14,75.86206896551724,18,7,2,1,3.5,18.700000000000003,272,237,236,2,58,100.0,900500.0,1170000.0,4600000.0
category1,وسایل بازی و تجهیزات پارکی کودک,,1699,26057,1105,594,65.03825779870512,590,411,262,140,5.0,157.0,26055,24171,23910,40,1698,99.94114184814597,900000.0,6620000.0,98149999.99999987
category1,ویلچر,,48,244,28,20,58.333333333333336,12,6,2,1,3.5,29.99999999999997,244,224,217,8,48,100.0,34075000.0,53000000.0,510199999.99999994
category1,پانسمان عمومی,,16,14,3,13,18.75,2,0,0,0,6.0,6.0,14,12,14,4,16,100.0,244750.0,3625000.0,15225000.0
category1,پانسمان‌های تخصصی,,2,2,1,1,50.0,0,0,0,0,2.0,2.0,2,1,2,1,2,100.0,1025000.0,5750000.0,10475000.0
category1,پتو کودک و نوزاد,,238,1423,111,127,46.63865546218487,44,27,12,7,3.0,59.0,1423,1357,1366,23,238,100.0,1742500.0,4050000.0,12858600.0
category1,پد و کیسه آب گرم,,448,6896,244,204,54.464285714285715,126,92,60,33,5.0,200.0,6896,6651,6556,12,448,100.0,413500.0,1385400.0,4206249.999999997
category1,پستانک و ملزومات,,543,6582,295,248,54.32780847145488,143,104,62,35,4.0,174.8000000000004,6581,6297,6338,28,543,100.0,400000.0,990000.0,5000000.0
category1,پسرانه,,21136,54588,6005,15131,28.411241483724453,1971,1141,587,212,2.0,36.80000000000018,54580,52650,49050,292,21134,99.99053747161241,389000.0,1680000.0,7822000.0
category1,پشه بند,,55,885,43,12,78.18181818181819,21,15,9,6,3.0,89.29999999999998,885,835,808,3,55,100.0,1880000.0,3770000.0,8975999.999999996
category1,پویا نمایی (انیمیشن),,380,1545,298,82,78.42105263157895,109,44,8,2,3.0,14.299999999999955,1545,1449,1347,16,380,100.0,125000.0,180000.0,1000000.0
category1,چادر بازی کودک,,121,0,0,121,0.0,0,0,0,0,,,0,0,0,6,121,100.0,3800000.0,5000000.0,23000000.0
category1,چاپ های سنتی,,95,26,9,86,9.473684210526315,1,1,0,0,2.0,7.1999999999999975,26,24,24,2,95,100.0,726000.0,4900000.0,10167299.999999998
category1,چراغ مطالعه,,5,565,5,0,100.0,5,5,4,3,101.0,200.0,565,552,548,1,5,100.0,592000.0,650000.0,748000.0
category1,چرخ خیاطی دستی و ملزومات خیاطی,,339,16408,290,49,85.54572271386431,230,187,143,98,19.0,200.0,16405,16079,15729,11,339,100.0,157700.0,380000.0,3219999.999999993
category1,چسب و پد درمانی,,564,15730,424,140,75.177304964539,260,197,152,96,8.0,200.0,15727,15211,14841,33,564,100.0,202450.0,700000.0,4900000.0
category1,چمدان کودک,,54,0,0,54,0.0,0,0,0,0,,,0,0,0,3,54,100.0,11129500.000000004,30150000.0,70162499.99999994
category1,کالای خواب و استراحت طبی,,765,13873,535,230,69.93464052287581,328,245,148,78,8.0,143.0,13871,13075,12615,48,765,100.0,630000.0,4650000.0,22783999.999999978
category1,کالسکه و کریر,,429,0,0,429,0.0,0,0,0,0,,,0,0,0,27,428,99.76689976689977,6699000.0,27000000.0,136424999.9999999
category1,کاور شیردهی,,5,0,0,5,0.0,0,0,0,0,,,0,0,0,1,5,100.0,2680000.0,2800000.0,2800000.0
category1,کتاب تاریخ و جغرافیا,,2667,13935,1335,1332,50.0562429696288,577,330,144,52,4.0,39.299999999999955,13933,12954,10480,462,2667,100.0,350000.0,1237500.0,5000000.0
category1,کتاب درسی، کمک‌درسی و آزمون,,5291,32989,2516,2775,47.55244755244755,1222,795,430,139,4.0,55.0,32985,31304,23636,443,5290,99.98109998109999,329000.0,1436650.0,4505500.000000002
category1,کتاب دینی,,4095,13404,1636,2459,39.95115995115995,548,284,142,51,3.0,32.25,13404,12613,10358,562,4088,99.82905982905983,200000.0,972250.0,6500000.0
category1,کتاب زبان,,2561,43519,1983,578,77.43069113627489,1293,916,553,217,8.0,97.89999999999986,43516,42277,34067,214,2561,100.0,275000.0,1000000.0,3500000.0
category1,کتاب زندگینامه و دایره المعارف,,2129,11705,1134,995,53.26444340065758,410,220,113,49,3.0,41.0,11704,10880,8752,552,2127,99.90605918271488,229000.0,748000.0,3239129.999999997
category1,کتاب شعر و ادبیات,,20343,172174,11841,8502,58.20675416605221,5637,3402,1892,781,4.0,65.0,172158,159543,130602,1190,20340,99.98525291254977,230000.0,750000.0,3800000.0
category1,کتاب صوتی,,113,682,66,47,58.4070796460177,34,21,6,1,6.0,23.0,682,580,598,16,112,99.11504424778761,180000.0,535000.0,3579999.9999999953
category1,کتاب علوم اجتماعی,,6526,44554,3641,2885,55.792215752375114,1516,873,478,201,3.0,54.0,44548,42389,32375,858,6520,99.90806006742261,249000.0,885000.0,2890199.999999997
category1,کتاب علوم کاربردی، تکنولوژی و مهندسی,,4369,12357,1818,2551,41.61135271229114,627,304,117,29,3.0,24.0,12357,11492,9469,581,4369,100.0,250000.0,1360000.0,4000000.0
category1,کتاب فلسفه و روانشناسی,,8921,127039,6283,2638,70.42932406680865,3433,2222,1315,640,5.0,110.0,127027,121619,95267,787,8915,99.93274296603519,300000.0,853000.0,2500000.0
category1,کتاب هنر و سرگرمی,,4861,30960,2959,1902,60.87224850853734,1300,714,326,116,4.0,40.09999999999991,30959,29561,22904,586,4860,99.97942810121374,250000.0,950000.0,3401920.000000003
category1,کتاب چاپی غیر فارسی,,31792,28033,3496,28296,10.996477101157524,1111,609,306,98,2.0,33.0,28029,27200,19913,96,31791,99.99685455460494,750000.0,2219500.0,6370000.0
category1,کتاب کودک و نوجوان,,14495,134530,9999,4496,68.98240772680235,5126,3128,1656,538,5.0,53.0,134520,125246,103165,501,14489,99.95860641600552,160000.0,442900.0,1650000.0
category1,کفش زنانه,,14795,65328,7179,7616,48.52314971274079,2357,1312,696,278,2.0,37.0,65324,60708,59465,263,14794,99.9932409597837,1200000.0,4892500.0,37086000.0
category1,کفش زنانه و مردانه,,3305,48798,2107,1198,63.75189107413011,1138,805,538,268,5.0,136.39999999999964,48793,46967,44234,106,3305,100.0,199000.0,1980000.0,30000000.0
category1,کفش مردانه,,14633,109805,7583,7050,51.821225996036354,3039,1987,1189,540,3.0,70.0,109789,102558,97302,259,14632,99.99316613134695,1550000.0,7500000.0,52128499.99999986
category1,کلاژ، پوست و فرش رنگ شده,,930,6,6,924,0.6451612903225806,0,0,0,0,1.0,1.0,6,2,6,4,930,100.0,1567500.0,19000000.0,98349999.99999987
category1,کمک آموزشی تحصیلی,,346,1594,178,168,51.445086705202314,46,28,16,7,2.0,40.30000000000001,1594,1436,1481,21,346,100.0,376000.0,1450000.0,5725000.0
category1,کنسرت,,38,156,25,13,65.78947368421052,10,5,2,0,2.0,19.799999999999997,156,142,145,11,38,100.0,294250.0,1300000.0,1987499.9999999995
category1,کنسول خانگی,,56,2850,54,2,96.42857142857143,48,40,28,15,22.5,200.0,2850,1792,2811,4,56,100.0,7448500.0,188024950.0,356500000.0
category1,کنسول پرتابل,,36,1007,29,7,80.55555555555556,17,14,12,6,9.0,175.19999999999987,1006,805,980,3,36,100.0,843500.0,4596600.0,34574250.0
category1,کوسن کودک,,849,488,151,698,17.785630153121318,18,8,4,1,1.0,10.5,488,447,441,9,849,100.0,582920.0000000001,1099000.0,3105999.999999999
category1,کوه‌ نوردی و صخره نوردی,,1348,31973,996,352,73.88724035608308,621,472,318,179,8.0,200.0,31968,30055,30142,96,1344,99.70326409495549,500000.0,3600000.0,24584999.999999993
category1,کیف، کوله و جامدادی,,5407,18906,1370,4037,25.337525429998152,474,298,176,88,2.0,66.54999999999995,18905,17966,18270,32,5407,100.0,360000.0,790000.0,1050000.0
category1,کیک و شیرینی خانگی,,490,0,0,490,0.0,0,0,0,0,,,0,0,0,8,490,100.0,329000.0,958000.0,5377239.999999988
category1,گلیم و گبه,,1470,1684,174,1296,11.83673469387755,77,47,18,7,4.0,47.0,1684,1550,1002,10,1470,100.0,2460000.0000000023,55000000.0,319549999.99999994
category1,گهواره,,76,845,51,25,67.10526315789474,32,19,9,4,9.0,70.5,844,733,801,12,76,100.0,8852500.0,27454500.0,104375000.0
category1,گیفت کارت,,5,26,5,0,100.0,2,1,0,0,2.0,11.399999999999999,26,23,26,1,5,100.0,1160000.0,2400000.0,4720000.0
category1,یادآور و نگهدارنده قرص و دارو,,103,5355,97,6,94.1747572815534,83,70,55,29,24.0,200.0,5355,5249,5041,6,103,100.0,154300.0,340000.0,2979999.999999998
category1_category2,آرایش ابرو,تقویت‌کننده ابرو,71,2114,39,32,54.929577464788736,28,23,18,11,15.0,200.0,2114,2007,2015,23,71,100.0,502500.0,1500000.0,10050000.0
category1_category2,آرایش ابرو,رنگ ابرو,255,3987,197,58,77.25490196078431,105,65,43,21,5.0,104.59999999999991,3987,3889,3644,16,255,100.0,159970.0,430000.0,1200000.0
category1_category2,آرایش ابرو,ریمل ابرو,73,1687,47,26,64.38356164383562,35,23,16,10,9.0,200.0,1687,1645,1536,17,73,100.0,343000.0,1290000.0,5789319.999999998
category1_category2,آرایش ابرو,سایه ابرو,126,2125,69,57,54.76190476190476,47,32,23,14,8.0,141.79999999999973,2125,2029,1970,38,126,100.0,226250.0,1462550.0,8280000.0
category1_category2,آرایش ابرو,مداد ابرو,269,6381,173,96,64.31226765799256,98,78,56,37,7.0,200.0,6381,6149,5893,45,269,100.0,200000.0,1129800.0,5515000.0
category1_category2,آرایش ابرو,ژل و صابون ابرو,136,3580,91,45,66.91176470588235,52,44,34,20,9.0,200.0,3580,3422,3523,38,135,99.26470588235294,450000.0,990000.0,3883000.0
category1_category2,آرایش صورت,برنز کننده,32,1,1,31,3.125,0,0,0,0,1.0,1.0,1,1,1,17,32,100.0,2030000.0,5544650.0,18262499.999999996
category1_category2,آرایش صورت,تثبیت کننده آرایش,166,3009,68,98,40.963855421686745,47,40,28,15,12.5,200.0,3009,2898,2898,49,166,100.0,492000.0,2329200.0,22000000.0
category1_category2,آرایش صورت,رژ گونه,550,7053,224,326,40.72727272727273,118,79,62,44,5.0,194.0499999999998,7051,6775,6591,82,550,100.0,337800.0,1472850.0,8900000.0
category1_category2,آرایش صورت,هایلایتر,155,1211,31,124,20.0,16,13,12,10,7.0,163.5,1211,1162,1136,44,155,100.0,813970.0,3400000.0,35000000.0
category1_category2,آرایش صورت,پرایمر,146,1152,38,108,26.027397260273972,28,21,15,9,14.5,110.04999999999998,1152,1078,1107,61,146,100.0,1228575.0,3117500.0,32125000.0
category1_category2,آرایش صورت,پنکیک,845,8495,321,524,37.98816568047337,190,124,75,42,6.0,200.0,8495,8098,8101,100,845,100.0,472000.0,1970000.0,8775000.0
category1_category2,آرایش صورت,کانتور,82,1580,36,46,43.90243902439025,26,24,21,7,21.5,200.0,1580,1528,1486,25,82,100.0,198000.0,2496500.0,24754500.000000022
category1_category2,آرایش صورت,کانسیلر,382,6126,134,248,35.07853403141361,90,75,52,34,13.5,200.0,6126,5901,5957,65,382,100.0,640400.0,2200000.0,18790000.0
category1_category2,آرایش صورت,کرم پودر,1924,13453,451,1473,23.44074844074844,282,186,129,71,7.0,200.0,13453,12514,12684,178,1924,100.0,840000.0,3104000.0,14838809.999999965
category1_category2,آرایش لب,تینت لب,98,2042,65,33,66.3265306122449,50,34,20,10,10.0,180.9999999999999,2042,1944,2035,14,98,100.0,380770.0,1132500.0,14491999.999999989
category1_category2,آرایش لب,رژ لب جامد,1790,25175,751,1039,41.95530726256983,419,325,250,141,6.0,200.0,25170,24041,23480,120,1790,100.0,449900.0,1400000.0,9463999.999999978
category1_category2,آرایش لب,رژ لب مایع,1589,9368,571,1018,35.93455003146633,225,137,86,48,3.0,91.5,9366,8709,8881,101,1589,100.0,470000.0,1675000.0,9500000.0
category1_category2,آرایش لب,رژ لب مدادی,407,7271,217,190,53.31695331695332,126,98,72,43,7.0,200.0,7270,7045,6815,35,407,100.0,340000.0,1153600.0,6760000.0
category1_category2,آرایش لب,مداد لب,425,3089,209,216,49.1764705882353,86,63,44,15,3.0,61.799999999999926,3088,2980,2804,40,425,100.0,320000.0,850000.0,5287999.999999995
category1_category2,آرایش لب,نرم کننده و بالم لب,443,16295,299,144,67.49435665914221,223,185,154,95,21.0,200.0,16294,15528,15702,63,443,100.0,340000.0,755700.0,5872449.999999998
category1_category2,آرایش مو,اسپری مو,363,10044,188,175,51.790633608815426,155,136,102,59,23.5,200.0,10044,9745,9643,56,363,100.0,480800.0,1220000.0,6969999.9999999935
category1_category2,آرایش مو,اکسیدان,636,15307,421,215,66.19496855345912,279,214,150,83,10.0,200.0,15307,15082,14291,80,636,100.0,150000.0,625000.0,3141250.0
category1_category2,آرایش مو,بی رنگ کننده مو,418,4224,162,256,38.75598086124402,115,86,50,23,11.0,107.79999999999995,4224,4082,3956,66,418,100.0,291700.0,2574450.0,9414999.999999998
category1_category2,آرایش مو,رنگ مو,11195,83729,6321,4874,56.462706565431,2799,1751,956,369,4.0,57.0,83720,82068,76389,129,11194,99.9910674408218,302260.0,700000.0,3000000.0
category1_category2,آرایش مو,موس مو,76,828,27,49,35.526315789473685,13,11,10,5,4.0,163.69999999999993,828,799,797,24,76,100.0,1190000.0,2240000.0,9903650.0
category1_category2,آرایش مو,واکس مو,253,9187,192,61,75.88932806324111,149,127,100,61,21.5,200.0,9186,8768,8661,38,253,100.0,426560.0,840000.0,3139999.9999999977
category1_category2,آرایش مو,پرپشت کننده مو,93,4396,81,12,87.09677419354838,75,69,55,27,27.0,200.0,4396,4293,4082,7,93,100.0,307200.0,760000.0,3300000.0
category1_category2,آرایش مو,ژل مو,310,8186,181,129,58.38709677419355,131,111,83,44,17.0,200.0,8185,7937,7751,47,310,100.0,314500.0,882500.0,4300000.0
category1_category2,آرایش مو,کرم، شامپو و اسپری رنگ مو,331,4392,232,99,70.09063444108762,138,82,53,20,6.0,92.34999999999997,4391,4136,4211,24,330,99.69788519637463,429000.0,1252700.0,3509000.000000004
category1_category2,آرایش چشم,تقویت‌کننده مژه,27,177,6,21,22.22222222222222,2,1,1,1,3.5,121.5,177,163,151,15,27,100.0,790600.0,3800000.0,19549999.999999996
category1_category2,آرایش چشم,خط چشم,445,10755,235,210,52.80898876404494,153,125,91,62,12.0,200.0,10753,10340,10290,80,445,100.0,246000.0,1450000.0,7445999.999999991
category1_category2,آرایش چشم,ریمل,481,8190,143,338,29.72972972972973,108,97,71,49,19.0,200.0,8190,7797,7947,86,481,100.0,851000.0,2621000.0,18900000.0
category1_category2,آرایش چشم,سایه چشم,960,7821,291,669,30.3125,154,108,63,38,5.0,200.0,7820,7435,7490,79,960,100.0,570000.0,2100000.0,18500000.0
category1_category2,آرایش چشم,لنز چشم,335,178,19,316,5.6716417910447765,11,5,3,0,5.0,31.49999999999999,178,161,148,4,335,100.0,1928470.0,2800000.0,3706000.0
category1_category2,آرایش چشم,مداد چشم,415,4673,179,236,43.13253012048193,102,78,50,28,6.0,132.69999999999996,4673,4506,4310,67,415,100.0,392200.0,1400000.0,11610399.999999983
category1_category2,آرایش چشم,مژه مصنوعی,598,7419,315,283,52.675585284280935,173,127,74,42,6.0,144.00000000000034,7418,7217,7103,25,598,100.0,259850.0,740000.0,3250000.0
category1_category2,ابزار دستی,شعله افکن,339,4207,188,151,55.45722713864307,104,72,47,28,6.0,110.85000000000005,4207,4040,3903,13,339,100.0,899000.0,2599100.0,9886999.99999997
category1_category2,ابزار طراحی و مهندسی,خط کش,1826,14717,646,1180,35.37787513691128,313,220,146,83,4.0,145.75,14717,14366,13896,21,1826,100.0,210075.0,259000.0,902500.0
category1_category2,ابزار طراحی و مهندسی,پرگار,59,1869,35,24,59.32203389830509,27,22,18,10,21.0,200.0,1869,1822,1796,12,59,100.0,184900.0,580000.0,1000649.9999999999
category1_category2,ابزار نقاشی و رنگ آمیزی,آبرنگ و گواش,304,8314,223,81,73.35526315789474,139,113,76,45,10.0,200.0,8314,8050,7780,26,304,100.0,235750.0,564000.0,979850.0
category1_category2,ابزار نقاشی و رنگ آمیزی,ابزار و ملزومات هنرهای تجسمی,1245,18428,760,485,61.04417670682731,453,310,195,99,6.0,149.04999999999995,18425,17862,17482,15,1245,100.0,230700.0,600000.0,1000000.0
category1_category2,ابزار نقاشی و رنگ آمیزی,انواع رنگ‌های نقاشی و سایر ملزومات,1514,21161,936,578,61.822985468956404,530,378,240,117,6.0,109.25,21159,20543,19771,28,1514,100.0,300000.0,570000.0,960349.9999999999
category1_category2,ابزار نقاشی و رنگ آمیزی,بوم نقاشی,150,2929,84,66,56.0,55,39,25,15,8.0,200.0,2928,2842,2816,3,150,100.0,313600.0,699000.0,1050000.0
category1_category2,ابزار نقاشی و رنگ آمیزی,تخته شاسی,2599,5715,371,2228,14.274721046556367,149,89,53,25,3.0,93.0,5714,5568,5334,14,2599,100.0,436210.00000000006,1000000.0,1090000.0
category1_category2,ابزار نقاشی و رنگ آمیزی,قلم مو,654,12181,358,296,54.74006116207951,230,180,130,74,10.0,159.0,12181,11921,11287,8,654,100.0,327900.0,687000.0,1021750.0000000001
category1_category2,ابزار نقاشی و رنگ آمیزی,پاستل و مداد شمعی,171,5354,113,58,66.08187134502924,67,57,51,34,11.0,200.0,5354,5211,5057,15,171,100.0,191000.0,499000.0,992500.0
category1_category2,ابزار نقاشی و رنگ آمیزی,پالت رنگ,50,1941,36,14,72.0,25,22,16,12,14.0,200.0,1940,1893,1869,5,50,100.0,190000.0,527750.0,1027499.9999999999
category1_category2,ابزار نقاشی و رنگ آمیزی,پایه بوم,2,94,1,1,50.0,1,1,1,1,94.0,94.0,94,90,56,1,2,100.0,611075.0,814250.0,1017425.0
category1_category2,ابزار کار هنری و دستی,لوازم مصرفی هنرهای دستی,1688,5768,601,1087,35.6042654028436,229,129,58,20,3.0,34.0,5768,5573,5444,7,1688,100.0,210000.0,697300.0,5400000.0
category1_category2,اسباب بازی,تفنگ و مبارزه,1060,24951,804,256,75.84905660377359,462,342,238,138,6.0,200.0,24947,23154,23313,9,1060,100.0,300000.0,1533500.0,22000000.0
category1_category2,اسباب بازی,جغجغه، عروسک و مدل,11210,53657,4039,7171,36.03033006244424,1474,918,504,241,3.0,68.0,53650,49468,50329,111,11208,99.9821587867975,535750.0000000001,2320000.0,14900000.0
category1_category2,اسباب بازی,شوخی و سرگرمی,2726,56328,1934,792,70.94644167278064,1124,813,564,322,6.0,200.0,56309,51377,52333,28,2726,100.0,249575.0,680000.0,4221675.0
category1_category2,اسباب بازی,فکری و آموزشی,20612,215226,9499,11113,46.08480496797982,4842,3388,2234,1156,5.0,142.0,215204,200320,201713,291,20605,99.96603920046574,327600.0,1250000.0,19000000.0
category1_category2,اسباب بازی,قطعات و لوازم یدکی اسباب بازی,187,3898,138,49,73.79679144385027,98,78,48,23,12.0,114.90000000000003,3896,3512,3636,9,186,99.46524064171123,210000.0,746500.0,4872500.0
category1_category2,اسباب بازی,ماشین، هواپیما و قطار,5870,49175,2919,2951,49.72742759795571,1258,855,530,240,3.0,85.09999999999991,49169,45463,46457,70,5867,99.9488926746167,480000.0,2500000.0,24834999.999999993
category1_category2,اسباب بازی,نقش آفرینی,980,11551,552,428,56.326530612244895,265,186,112,65,4.0,128.44999999999993,11549,10582,10679,20,979,99.89795918367346,237800.0,1350000.0,7207499.9999999935
category1_category2,اکسسوری زنانه,اکسسوری ورزشی زنانه,57,98,20,37,35.08771929824562,5,2,2,0,3.0,23.150000000000002,98,97,75,6,57,100.0,828200.0,1890000.0,28108800.0
category1_category2,اکسسوری زنانه,دستکش زنانه,4,210,4,0,100.0,3,2,2,1,14.5,153.89999999999995,210,204,206,2,4,100.0,485150.0,845000.0,1679999.9999999998
category1_category2,اکسسوری زنانه,زیورآلات زنانه,18045,51676,3697,14348,20.487669714602383,1213,756,489,249,2.0,78.0,51664,49237,48673,121,18043,99.9889165973954,255000.0,1000000.0,6500000.0
category1_category2,اکسسوری زنانه,زیورآلات نقره زنانه,15872,12068,3042,12830,19.165826612903224,624,247,80,21,2.0,13.0,12067,11390,10198,47,15872,100.0,1760000.0,3257500.0,23200000.0
category1_category2,اکسسوری زنانه,ساعت زنانه,6972,18779,1817,5155,26.061388410786,653,384,203,70,2.0,37.19999999999982,18777,17469,17564,198,6971,99.98565691336776,1335000.0,24500000.0,128700000.0
category1_category2,اکسسوری زنانه,ست هدیه زنانه,36,121,23,13,63.888888888888886,8,3,1,0,3.0,14.699999999999996,121,106,110,6,36,100.0,1363000.0,6845000.0,12525000.0
category1_category2,اکسسوری زنانه,سرپوش زنانه,102,128,29,73,28.431372549019606,8,6,0,0,2.0,13.199999999999996,128,124,121,12,102,100.0,489500.0000000001,2868500.0,7929499.999999989
category1_category2,اکسسوری زنانه,شال و روسری زنانه,6895,13836,2097,4798,30.41334300217549,380,199,118,49,2.0,22.0,13834,13066,13286,91,6895,100.0,996800.0,2100000.0,5944049.9999999935
category1_category2,اکسسوری زنانه,عینک زنانه,3846,5268,851,2995,22.126885075403017,167,84,41,19,2.0,19.0,5266,4960,4349,127,3846,100.0,1250000.0,5980000.0,59999900.0
category1_category2,اکسسوری زنانه,کراوات و پاپیون زنانه,6,13,3,3,50.0,1,0,0,0,3.0,8.399999999999999,13,13,4,1,6,100.0,1149625.0,2159000.0,3025000.0
category1_category2,اکسسوری زنانه,کوله پشتی زنانه,27,340,14,13,51.851851851851855,4,3,3,2,1.0,130.99999999999997,340,318,330,2,27,100.0,2040300.0,3070000.0,27210000.0
category1_category2,اکسسوری زنانه,کیف زنانه,5484,21297,1695,3789,30.908096280087527,504,296,189,102,2.0,61.19999999999982,21296,19932,20447,157,5483,99.981765134938,1400000.0,4908000.0,33586000.0
category1_category2,اکسسوری زنانه,کیف پول و کیف لوازم آرایش زنانه,168,640,56,112,33.333333333333336,15,11,6,4,2.0,60.25,640,623,622,17,168,100.0,353500.0,1100000.0,11164500.000000006
category1_category2,اکسسوری زنانه و مردانه,اکسسوری ورزشی زنانه و مردانه,569,5457,316,253,55.53602811950791,150,97,49,25,4.0,103.25,5457,5179,5216,29,569,100.0,420000.0,2800000.0,13240000.00000001
category1_category2,اکسسوری زنانه و مردانه,تسبیح,1044,5842,573,471,54.88505747126437,229,127,64,22,3.0,38.19999999999993,5840,5628,2765,8,1044,100.0,160000.0,1800000.0,30739999.999999963
category1_category2,اکسسوری زنانه و مردانه,جوراب زنانه و مردانه,1227,11520,490,737,39.93480032599837,218,170,116,64,3.0,168.59999999999945,11520,11315,3928,33,1227,100.0,250000.0,500000.0,2354300.000000007
category1_category2,اکسسوری زنانه و مردانه,دستکش زنانه و مردانه,190,2074,142,48,74.73684210526316,39,26,17,12,2.0,83.34999999999985,2074,1981,1090,14,190,100.0,349450.0,1845000.0,18000000.0
category1_category2,اکسسوری زنانه و مردانه,زیورآلات زنانه و مردانه,21925,59679,5208,16717,23.75370581527936,1600,912,526,274,2.0,52.0,59671,56498,51708,79,21925,100.0,280000.0,600000.0,2820799.999999996
category1_category2,اکسسوری زنانه و مردانه,زیورآلات نقره زنانه و مردانه,425,339,68,357,16.0,7,4,1,1,1.0,8.949999999999996,339,317,330,13,425,100.0,1500000.0,3223000.0,22858399.99999999
category1_category2,اکسسوری زنانه و مردانه,ساعت زنانه و مردانه,4653,27583,1781,2872,38.27638082957232,739,455,271,131,3.0,80.0,27577,25732,26022,107,4653,100.0,1000000.0,1390000.0,79954079.99999996
category1_category2,اکسسوری زنانه و مردانه,ست هدیه زنانه و مردانه,391,6108,221,170,56.52173913043478,122,89,65,34,5.0,188.0,6107,5680,5541,22,391,100.0,1550000.0,5040000.0,15975000.0
category1_category2,اکسسوری زنانه و مردانه,سرپوش زنانه و مردانه,3525,30347,1593,1932,45.191489361702125,694,471,294,163,4.0,112.19999999999959,30344,29104,28726,63,3525,100.0,450000.0,1990000.0,8500000.0
category1_category2,اکسسوری زنانه و مردانه,شال زنانه و مردانه,239,1023,109,130,45.60669456066945,35,25,12,4,3.0,33.599999999999994,1023,964,968,17,239,100.0,700000.0,3780000.0,8688000.0
category1_category2,اکسسوری زنانه و مردانه,عینک زنانه و مردانه,8641,26557,2093,6548,24.22173359564865,690,428,270,132,2.0,66.39999999999986,26557,25334,23011,181,8641,100.0,400000.0,6930000.0,59589900.0
category1_category2,اکسسوری زنانه و مردانه,لوازم جانبی ساعت عقربه ای و دیجیتال,437,2094,197,240,45.08009153318078,96,52,26,9,4.0,44.19999999999993,2094,2037,1287,9,437,100.0,320000.0,1700000.0,12259999.999999996
category1_category2,اکسسوری زنانه و مردانه,ماسک پارچه‌ای زنانه و مردانه,132,2190,83,49,62.878787878787875,43,30,19,13,6.0,184.09999999999985,2190,2129,882,4,132,100.0,135000.0,350000.0,2269999.999999993
category1_category2,اکسسوری زنانه و مردانه,ملزومات زیورآلات,1170,14286,787,383,67.26495726495726,383,248,141,64,4.0,97.0999999999998,14285,13832,13784,12,1169,99.91452991452991,150000.0,399000.0,1998999.9999999998
category1_category2,اکسسوری زنانه و مردانه,کراوات و پاپیون,107,38,14,93,13.08411214953271,1,1,0,0,1.0,8.199999999999996,38,31,24,5,107,100.0,890000.0,1700000.0,4117199.9999999977
category1_category2,اکسسوری زنانه و مردانه,کوله پشتی زنانه و مردانه,306,1220,139,167,45.42483660130719,45,22,16,5,2.0,39.39999999999998,1220,1084,1167,41,306,100.0,2673750.0,10515000.0,47900000.0
category1_category2,اکسسوری زنانه و مردانه,کیف زنانه و مردانه,3773,18088,1668,2105,44.208852372117676,579,359,198,79,2.0,47.0,18084,16932,16391,71,3773,100.0,1050000.0,3700000.0,41700000.0
category1_category2,اکسسوری زنانه و مردانه,کیف پول زنانه و مردانه,3890,23781,1363,2527,35.03856041131105,559,385,242,119,3.0,101.89999999999986,23775,22643,22497,69,3890,100.0,420000.0,1200000.0,7500000.0
category1_category2,اکسسوری مردانه,اکسسوری ورزشی مردانه,137,778,67,70,48.90510948905109,15,10,5,3,2.0,39.69999999999991,778,740,553,9,137,100.0,642000.0000000002,2850000.0,8450000.0
category1_category2,اکسسوری مردانه,جاکلیدی مردانه,53,82,20,33,37.735849056603776,4,2,1,0,1.5,12.850000000000012,82,74,68,6,53,100.0,372000.0,1800000.0,3649999.999999999
category1_category2,اکسسوری مردانه,دستکش مردانه,111,1578,86,25,77.47747747747748,47,30,15,10,5.0,76.25,1578,1533,1446,11,111,100.0,329500.0,1600000.0,17743000.0
category1_category2,اکسسوری مردانه,زیورآلات مردانه,4071,27903,1927,2144,47.33480717268485,772,457,270,134,3.0,79.69999999999982,27891,26364,24261,46,4071,100.0,390000.0,1440000.0,6800000.0
category1_category2,اکسسوری مردانه,زیورآلات نقره مردانه,5737,1052,466,5271,8.122712218929754,47,16,4,0,1.0,7.0,1052,983,698,17,5737,100.0,2400000.0,6310400.0,73575999.99999988
category1_category2,اکسسوری مردانه,ساعت مردانه,10341,32168,2783,7558,26.91229088095929,1097,682,364,132,3.0,46.0,32163,29419,30125,217,10340,99.99032975534281,1390000.0,24200000.0,191400000.0
category1_category2,اکسسوری مردانه,ست هدیه مردانه,402,1894,159,243,39.55223880597015,57,30,21,7,3.0,47.099999999999994,1894,1775,1673,23,402,100.0,2950000.0,7225000.0,18598500.0
category1_category2,اکسسوری مردانه,سرپوش مردانه,964,5892,340,624,35.26970954356847,130,90,58,36,3.0,93.30000000000007,5892,5648,5641,33,964,100.0,700000.0,3700000.0,11000000.0
category1_category2,اکسسوری مردانه,شال مردانه,141,530,68,73,48.226950354609926,18,10,5,2,2.0,28.89999999999999,530,508,513,17,141,100.0,820000.0,5678000.0,7380000.0
category1_category2,اکسسوری مردانه,عینک مردانه,1254,4119,437,817,34.84848484848485,162,87,44,18,3.0,41.19999999999999,4119,3935,3912,74,1254,100.0,1190000.0,8055000.0,60728499.99999981
category1_category2,اکسسوری مردانه,ماسک پارچه‌ای مردانه,1,0,0,1,0.0,0,0,0,0,,,0,0,0,1,1,100.0,500000.0,500000.0,500000.0
category1_category2,اکسسوری مردانه,کراوات و پاپیون مردانه,2025,6074,750,1275,37.03703703703704,204,99,60,27,2.0,34.0,6073,5766,5637,21,2025,100.0,340000.0,1160000.0,5686500.0
category1_category2,اکسسوری مردانه,کمربند و ساسبند مردانه,2273,16101,895,1378,39.37527496700396,379,250,168,87,3.0,95.0,16099,15620,15245,56,2273,100.0,509160.0,2700000.0,9500000.0
category1_category2,اکسسوری مردانه,کوله پشتی مردانه,28,99,12,16,42.857142857142854,3,3,2,0,2.0,34.34999999999998,99,94,99,4,28,100.0,1892500.0,7800000.0,19565000.0
category1_category2,اکسسوری مردانه,کیف سفری و چمدان مردانه,1,0,0,1,0.0,0,0,0,0,,,0,0,0,1,1,100.0,79561000.0,79561000.0,79561000.0
category1_category2,اکسسوری مردانه,کیف مردانه,2451,18359,994,1457,40.55487556099551,439,296,208,104,3.0,101.69999999999982,18357,17505,17101,64,2451,100.0,1399000.0,4640000.0,39500000.0
category1_category2,اکسسوری مردانه,کیف پول مردانه,2347,3355,416,1931,17.72475500639114,93,58,36,15,1.0,30.0,3355,3134,3118,40,2347,100.0,1280000.0,1470000.0,7710000.0
category1_category2,اکسسوری و زیورآلات دست ساز,اکسسوری سنتی زنانه,391,0,0,391,0.0,0,0,0,0,,,0,0,0,3,391,100.0,485000.0,1940000.0,8037500.0
category1_category2,اکسسوری و زیورآلات دست ساز,اکسسوری سنتی زنانه و مردانه,29,0,0,29,0.0,0,0,0,0,,,0,0,0,3,29,100.0,450000.0,2330500.0,6524999.999999998
category1_category2,اکسسوری و زیورآلات دست ساز,اکسسوری سنتی مردانه,77,0,0,77,0.0,0,0,0,0,,,0,0,0,3,77,100.0,321800.0,9000000.0,77000000.00000003
category1_category2,اکسسوری و زیورآلات دست ساز,جعبه و کیسه هدیه دست‌ساز,11,0,0,11,0.0,0,0,0,0,,,0,0,0,1,11,100.0,799500.0,1750000.0,2895000.0
category1_category2,اکسسوری و زیورآلات دست ساز,پیکسل دست ساز,3,0,0,3,0.0,0,0,0,0,,,0,0,0,1,3,100.0,690000.0,1500000.0,1680000.0
category1_category2,اکسسوری ورزشی,دستمال سر و گردن,1806,9472,713,1093,39.479512735326686,233,140,92,49,2.0,68.39999999999998,9472,9098,8987,36,1803,99.83388704318936,290000.0,760000.0,7000000.0
category1_category2,برس‌ها و تجهیزات آرایشی,برس مو,1623,23019,573,1050,35.30499075785582,365,265,202,128,8.0,200.0,23017,22443,22030,43,1622,99.93838570548367,300000.0,1200000.0,6347499.999999991
category1_category2,برس‌ها و تجهیزات آرایشی,برس ها و تجهیزات آرایشی صورت,9355,57067,1585,7770,16.942811330839124,810,646,505,329,5.0,200.0,57065,55026,54609,101,9354,99.98931052912882,340000.0,690000.0,2334150.0000000033
category1_category2,برس‌ها و تجهیزات آرایشی,برس ها و تجهیزات آرایشی چشم و ابرو,913,27409,612,301,67.03176341730558,424,335,251,156,12.0,200.0,27407,26770,26290,53,913,100.0,143600.0,490000.0,3900000.0
category1_category2,برس‌ها و تجهیزات آرایشی,تجهیزات رنگ مو,413,15956,344,69,83.29297820823244,261,205,156,101,16.0,200.0,15955,15631,14957,12,413,100.0,114120.00000000001,340000.0,2050000.0
category1_category2,برس‌ها و تجهیزات آرایشی,تراش آرایشی,70,2615,50,20,71.42857142857143,41,31,23,14,16.5,200.0,2615,2552,2452,11,70,100.0,190450.0,370000.0,1899249.9999999981
category1_category2,برس‌ها و تجهیزات آرایشی,تیغ ابرو,153,6742,120,33,78.43137254901961,90,75,62,41,20.0,200.0,6742,6592,6444,10,153,100.0,218480.0,500000.0,1890080.0000000005
category1_category2,برس‌ها و تجهیزات آرایشی,سایر تجهیزات زیبایی,904,19519,509,395,56.30530973451327,361,285,200,105,13.0,200.0,19517,18927,18389,39,904,100.0,170300.0,919250.0,11169999.999999981
category1_category2,برس‌ها و تجهیزات آرایشی,سنگ پای برقی,39,21,2,37,5.128205128205129,2,1,0,0,10.5,11.85,21,20,18,13,39,100.0,2110500.0,6990000.0,14500000.00000001
category1_category2,برس‌ها و تجهیزات آرایشی,سوهان و رنده پا,208,5662,144,64,69.23076923076923,101,77,59,33,13.0,200.0,5661,5527,5410,18,208,100.0,175400.0,723900.0,3400000.0
category1_category2,برس‌ها و تجهیزات آرایشی,شانه مو,712,19859,500,212,70.2247191011236,321,253,177,110,10.0,200.0,19856,19368,18759,18,711,99.85955056179775,110100.0,312000.0,1690000.0
category1_category2,برس‌ها و تجهیزات آرایشی,قیچی ابرو,107,3316,77,30,71.96261682242991,54,42,30,18,12.0,200.0,3316,3255,3108,11,107,100.0,204500.0,470000.0,2300000.0
category1_category2,برس‌ها و تجهیزات آرایشی,محصولات آرایشگاهی,531,8776,243,288,45.76271186440678,179,141,107,46,14.0,200.0,8776,8523,8347,25,530,99.81167608286252,280000.0,1080000.0,23549999.999999955
category1_category2,برس‌ها و تجهیزات آرایشی,موچین,346,5622,182,164,52.60115606936416,109,83,60,31,8.5,200.0,5622,5458,5296,24,346,100.0,287750.0,715000.0,3999000.0
category1_category2,برس‌ها و تجهیزات آرایشی,پد و پنبه آرایشی,498,18061,337,161,67.6706827309237,245,198,156,102,16.0,200.0,18061,17665,17362,33,498,100.0,185000.0,390000.0,2020999.9999999967
category1_category2,بهداشت جنسی,سایر محصولات بهداشت جنسی,100,5041,85,15,85.0,68,56,44,30,25.0,208.0,5041,4841,5009,11,100,100.0,650000.0,1090000.0,1850000.0
category1_category2,بهداشت جنسی,کاندوم,1100,44203,813,287,73.9090909090909,588,482,390,254,17.0,201.0,44193,44124,42519,23,1100,100.0,239500.00000000003,749400.0,4053689.9999999967
category1_category2,بهداشت دهان و دندان,خمیر دندان,952,32003,696,256,73.10924369747899,470,384,285,186,12.0,200.0,32000,30988,30207,67,952,100.0,300550.0,1150000.0,4700000.0
category1_category2,بهداشت دهان و دندان,خوشبو کننده دهان,21,1829,21,0,100.0,21,19,17,12,69.0,201.0,1829,1771,1767,3,21,100.0,340000.0,480000.0,900000.0
category1_category2,بهداشت دهان و دندان,دستگاه شست‌وشوی دهان و دندان,54,0,0,54,0.0,0,0,0,0,,,0,0,0,16,54,100.0,11965600.000000004,27506000.0,53332499.99999999
category1_category2,بهداشت دهان و دندان,دهان شویه,197,7188,138,59,70.05076142131979,97,76,60,42,11.5,202.0,7187,7001,6880,29,196,99.49238578680203,320000.0,900000.0,3377500.0
category1_category2,بهداشت دهان و دندان,مسواک,1096,35166,844,252,77.00729927007299,613,486,342,209,13.0,200.0,35163,34360,32930,53,1096,100.0,210000.0,787500.0,5300000.0
category1_category2,بهداشت دهان و دندان,مسواک برقی,254,3358,48,206,18.89763779527559,42,38,33,24,48.0,201.0,3355,3214,3197,25,254,100.0,776000.0,13208000.0,75884999.99999991
category1_category2,بهداشت دهان و دندان,نخ دندان,322,17129,275,47,85.40372670807453,221,187,156,110,30.0,200.0,17127,16693,16255,28,322,100.0,215250.0,520000.0,3046049.999999999
category1_category2,بهداشت دهان و دندان,پودر و ژل سفید کننده,31,818,23,8,74.19354838709677,12,9,7,4,6.0,199.7,818,791,788,2,31,100.0,340000.0,740000.0,2100000.0
category1_category2,بهداشت دهان و دندان,چسب دندان مصنوعی,26,1151,21,5,80.76923076923077,20,18,12,6,31.0,200.0,1151,1112,1052,5,26,100.0,833875.0,2235000.0,10486400.0
category1_category2,بهداشت زنان,تامپون,21,555,17,4,80.95238095238095,15,12,8,4,19.0,94.39999999999999,555,545,533,5,21,100.0,1080000.0,2700000.0,5400000.0
category1_category2,بهداشت زنان,نوار بهداشتی,825,25464,668,157,80.96969696969697,477,354,245,137,11.0,200.0,25463,25430,24491,35,824,99.87878787878788,270750.0,470000.0,2990000.0
category1_category2,بهداشت زنان,کاپ قاعدگی,29,1324,12,17,41.37931034482759,12,12,11,9,76.0,200.0,1324,1318,1212,8,29,100.0,1908200.0000000002,4660000.0,6945200.0
category1_category2,بهداشت و زیبایی ناخن,آرایش ناخن,1945,34494,1323,622,68.02056555269922,766,549,375,193,6.0,148.0,34491,33274,32959,9,1945,100.0,137000.0,195000.0,908439.9999999997
category1_category2,بهداشت و زیبایی ناخن,آویز و نگین ناخن,157,650,94,63,59.87261146496815,33,11,6,3,3.0,22.099999999999966,650,606,623,2,157,100.0,215600.0,827700.0,1645519.9999999993
category1_category2,بهداشت و زیبایی ناخن,تقویت کننده ناخن,88,3639,48,40,54.54545454545455,39,35,31,20,45.0,200.0,3639,3410,3414,24,88,100.0,502750.00000000006,1215000.0,6035499.999999999
category1_category2,بهداشت و زیبایی ناخن,قلم موی ناخن,140,1821,69,71,49.285714285714285,32,28,18,11,4.0,185.1999999999998,1821,1763,1774,6,140,100.0,340000.0,1015800.0,6200000.0
category1_category2,بهداشت و زیبایی ناخن,لاک ناخن,4113,54961,2173,1940,52.832482372963774,1118,779,515,303,5.0,190.0,54956,52077,51589,68,4111,99.95137369316801,350000.0,590000.0,1700000.0
category1_category2,بهداشت و زیبایی ناخن,لاک پاک کن,293,12993,223,70,76.10921501706484,170,146,112,82,20.0,200.0,12992,12631,12310,36,293,100.0,149200.0,362500.0,1498800.0
category1_category2,بهداشت و زیبایی ناخن,لاک پایه,13,179,7,6,53.84615384615385,2,1,1,1,1.0,117.99999999999989,179,161,157,7,13,100.0,570000.0,1038900.0,5399999.999999996
category1_category2,بهداشت و زیبایی ناخن,مانیکور، پدیکور,4049,15154,685,3364,16.91775747098049,276,201,146,86,3.0,158.19999999999982,15154,14707,14409,56,4049,100.0,329000.0,459000.0,2300000.0
category1_category2,بهداشت و زیبایی ناخن,مواد و لوازم کاشت ناخن,371,5279,200,171,53.908355795148246,124,93,66,32,8.0,115.14999999999995,5278,4976,5087,15,371,100.0,286250.0,1450000.0,6290000.0
category1_category2,بهداشت و زیبایی ناخن,ناخن مصنوعی,525,6253,250,275,47.61904761904762,106,76,59,31,3.0,200.0,6252,5905,6073,15,525,100.0,185000.0,490000.0,1481999.9999999981
category1_category2,بهداشت و زیبایی ناخن,ناخن گیر,373,5444,176,197,47.184986595174266,96,72,49,33,5.0,200.0,5444,5334,5168,38,373,100.0,260000.0,600000.0,3803880.0
category1_category2,بهداشت و زیبایی ناخن,پودر لاک ناخن,90,1472,55,35,61.111111111111114,35,26,18,9,7.0,109.99999999999997,1472,1395,1407,2,90,100.0,150000.0,675000.0,1482000.0
category1_category2,بهداشت و سلامت کودک,تب سنج و دماسنج کودک و نوزاد,55,890,26,29,47.27272727272727,16,10,7,4,8.0,200.0,890,865,859,13,55,100.0,898690.0,2250000.0,8792999.999999996
category1_category2,بهداشت و سلامت کودک,دندان گیر کودک و نوزاد,173,1348,69,104,39.884393063583815,35,26,18,10,5.0,85.1999999999999,1347,1296,1253,20,173,100.0,493000.0,1920000.0,4870000.0
category1_category2,بهداشت و سلامت کودک,شانه و برس کودک,191,1257,82,109,42.931937172774866,33,24,12,6,3.0,99.45000000000014,1257,1204,1197,18,191,100.0,269000.0,769000.0,5140000.0
category1_category2,بهداشت و سلامت کودک,پوار بینی,35,803,27,8,77.14285714285714,16,14,7,4,10.0,172.69999999999993,803,776,774,10,35,100.0,292000.0,989000.0,9969999.999999972
category1_category2,بهداشت و سلامت کودک,چارت اندازه گیری کودک و نوزاد,100,475,63,37,63.0,22,16,7,1,3.0,27.699999999999996,475,464,443,5,100,100.0,425000.0,1344200.0,2904999.9999999995
category1_category2,بهداشت و سلامت کودک,گوش پاک کن کودک و نوزاد,13,426,10,3,76.92307692307692,9,5,5,3,21.5,113.19999999999999,426,411,413,5,13,100.0,153200.0,360000.0,1319999.9999999995
category1_category2,بهداشت و مراقبت بدن,بخور,8,49,4,4,50.0,3,3,0,0,14.5,18.7,49,48,43,3,8,100.0,399200.0,1522500.0,4937499.999999998
category1_category2,بهداشت و مراقبت بدن,دستمال مرطوب,285,12018,242,43,84.91228070175438,183,151,108,72,16.0,201.0,12017,11631,11372,33,285,100.0,211800.0,617600.0,3072000.000000001
category1_category2,بهداشت و مراقبت بدن,روغن آفتاب,66,502,21,45,31.818181818181817,7,3,3,3,2.0,200.0,502,483,494,12,66,100.0,922500.0,3595000.0,14850000.0
category1_category2,بهداشت و مراقبت بدن,شامپو بدن,769,26499,559,210,72.69180754226268,397,316,223,142,13.0,201.0,26498,25669,25445,116,769,100.0,368800.0,1299000.0,5455399.99999999
category1_category2,بهداشت و مراقبت بدن,صابون ضد باکتری,74,3461,66,8,89.1891891891892,50,43,32,23,17.5,200.0,3461,3335,3216,13,74,100.0,268250.0,714650.0,3993500.0
category1_category2,بهداشت و مراقبت بدن,ضدعفونی کننده,152,3094,81,71,53.28947368421053,54,46,33,16,14.0,200.0,3093,2989,2908,24,152,100.0,230000.0,1100000.0,6426999.999999999
category1_category2,بهداشت و مراقبت بدن,لوسیون و روغن بدن,1076,32881,772,304,71.74721189591078,508,416,309,190,12.0,200.0,32879,31568,31104,159,1076,100.0,329000.0,1250000.0,7000000.0
category1_category2,بهداشت و مراقبت بدن,نمک حمام,598,10795,391,207,65.38461538461539,242,177,115,55,9.0,194.5,10795,10491,10377,11,598,100.0,149250.0,320000.0,1807499.9999999988
category1_category2,بهداشت و مراقبت بدن,پوشک بزرگسال (پوشینه بزرگسال),70,1294,32,38,45.714285714285715,22,22,15,8,16.5,139.64999999999998,1294,1261,1204,11,70,100.0,1540500.0,2782150.0,12165000.0
category1_category2,بهداشت و مراقبت بدن,ژل بهداشتی,131,8723,103,28,78.62595419847328,87,80,70,54,54.0,202.0,8722,8407,8353,51,131,100.0,513750.0,928000.0,4475000.0
category1_category2,بهداشت و مراقبت بدن,کرم ترک پا,73,5678,63,10,86.3013698630137,57,52,46,32,50.0,203.0,5676,5481,5452,41,73,100.0,316000.0,712000.0,4727999.999999991
category1_category2,بهداشت و مراقبت بدن,کرم لاغری,3,506,3,0,100.0,3,3,3,3,200.0,200.0,506,494,489,2,3,100.0,695000.0,1550000.0,3566000.0
category1_category2,بهداشت و مراقبت بدن,کرم لیفتینگ بدن,4,36,1,3,25.0,1,1,1,0,36.0,36.0,36,33,36,4,4,100.0,2389500.0,14715000.0,20385000.0
category1_category2,بهداشت و مراقبت بدن,گوش پاک کن,194,7435,130,64,67.01030927835052,103,85,72,46,30.0,200.0,7435,7293,7079,17,194,100.0,211300.0,500000.0,13855104.999999972
category1_category2,بهداشت و نگهداری کودک,صابون بچه,116,2931,107,9,92.24137931034483,76,61,38,19,13.0,106.09999999999997,2931,2822,2755,21,116,100.0,198200.0,534500.0,2017500.0
category1_category2,تجهیزات استودیویی,اسپیکر مانیتور و اجرای زنده,64,73,23,41,35.9375,5,1,0,0,2.0,6.899999999999999,73,47,69,13,64,100.0,12257100.0,138400000.0,655099999.9999996
category1_category2,تجهیزات استودیویی,تجهیزات آکوستیک,337,3160,246,91,72.99703264094956,113,82,38,15,4.0,51.75,3160,2940,2088,2,337,100.0,694640.0,2474200.0,11000000.0
category1_category2,تجهیزات استودیویی,تجهیزات نور زنده,198,4078,161,37,81.31313131313131,84,61,41,21,5.0,149.0,4077,3857,3896,6,198,100.0,897000.0,6695000.0,44637899.99999999
category1_category2,تجهیزات استودیویی,ضبط کننده حرفه ای صدا,11,63,11,0,100.0,5,3,0,0,4.0,13.5,63,44,60,1,11,100.0,55500000.0,117000000.0,156750000.0
category1_category2,تجهیزات استودیویی,متعلقات استودیو,97,739,65,32,67.01030927835052,27,19,12,4,4.0,49.199999999999974,739,698,704,11,97,100.0,167200.0,2090000.0,27189999.99999996
category1_category2,تجهیزات استودیویی,میدی کیبورد و کنترلر,52,111,28,24,53.84615384615385,8,4,0,0,1.5,14.249999999999993,111,92,110,11,52,100.0,52446000.0,104000000.0,219890000.0
category1_category2,تجهیزات استودیویی,میکروفون استودیویی,133,2467,101,32,75.93984962406014,63,41,26,12,8.0,123.0,2467,2191,2351,25,133,100.0,3165600.0,32860000.0,170799999.99999976
category1_category2,تجهیزات استودیویی,میکسر,17,21,6,11,35.294117647058826,1,0,0,0,2.5,7.75,21,12,20,5,17,100.0,41692000.0,168000000.0,495999999.9999998
category1_category2,تجهیزات استودیویی,هدفون حرفه‌ای,31,217,21,10,67.74193548387096,15,7,4,0,7.0,26.0,217,159,211,12,31,100.0,18050000.0,52600000.0,345000000.0
category1_category2,تجهیزات استودیویی,پری آمپلی‌فایر,1,0,0,1,0.0,0,0,0,0,,,0,0,0,1,1,100.0,57500000.0,57500000.0,57500000.0
category1_category2,تجهیزات استودیویی,کابل تخصصی صدا,77,346,49,28,63.63636363636363,19,10,4,0,4.0,23.19999999999999,346,329,169,8,77,100.0,1271100.0,5100000.0,48600000.000000015
category1_category2,تجهیزات استودیویی,کارت صدا استدیو,72,1163,48,24,66.66666666666667,27,14,8,4,5.0,200.0,1162,1079,1105,18,72,100.0,706300.0,84750000.0,256016255.00000012
category1_category2,ترشیجات و شور خانگی,خیارشور و ترشیجات خانگی,63,0,0,63,0.0,0,0,0,0,,,0,0,0,4,63,100.0,490000.0,900000.0,2826999.9999999995
category1_category2,ترشیجات و شور خانگی,زیتون محلی,13,0,0,13,0.0,0,0,0,0,,,0,0,0,2,13,100.0,854000.0,1310000.0,2039999.9999999998
category1_category2,ترشیجات و شور خانگی,چاشنی‌های ترش خانگی,219,0,0,219,0.0,0,0,0,0,,,0,0,0,7,219,100.0,350000.0,650000.0,1454999.9999999998
category1_category2,تنقلات خانگی,آدامس طبیعی,38,0,0,38,0.0,0,0,0,0,,,0,0,0,3,38,100.0,392500.0,670000.0,4907500.0
category1_category2,تنقلات خانگی,تخمه و مغز طعم‌دار محلی,275,0,0,275,0.0,0,0,0,0,,,0,0,0,9,275,100.0,310000.0,1512500.0,5550110.000000002
category1_category2,تنقلات خانگی,لواشک، برگه و آلوچه خانگی,722,0,0,722,0.0,0,0,0,0,,,0,0,0,9,722,100.0,374790.00000000006,1560000.0,5202449.999999999
category1_category2,حمام کودک و شست و شو,تبدیل توالت فرنگی و صندلی حمام,163,2944,91,72,55.828220858895705,50,36,30,20,6.0,171.0,2944,2872,2716,13,163,100.0,1504000.0,2200000.0,8991000.0
category1_category2,حمام کودک و شست و شو,حوله کودک و نوزاد,943,1822,178,765,18.87592788971368,72,44,25,6,3.0,45.150000000000006,1822,1750,1707,49,943,100.0,690000.0,4750000.0,12000000.0
category1_category2,حمام کودک و شست و شو,شامپو کودک و نوزاد,653,17375,487,166,74.57886676875957,301,223,168,102,8.0,200.0,17375,16725,16468,90,653,100.0,247600.0,785000.0,3368439.999999999
category1_category2,حمام کودک و شست و شو,لیف کودک و نوزاد,258,515,95,163,36.82170542635659,20,12,6,2,2.0,21.0,515,490,302,7,257,99.6124031007752,300000.0,540000.0,1402500.0
category1_category2,حمام کودک و شست و شو,مینی واش,60,101,4,56,6.666666666666667,3,3,1,1,16.5,59.499999999999986,101,97,100,11,60,100.0,2889755.0,26000000.0,69515000.0
category1_category2,حمام کودک و شست و شو,وان حمام کودک و نوزاد,87,609,27,60,31.03448275862069,21,16,9,4,11.0,85.7,609,569,569,15,87,100.0,953000.0,4450000.0,20850000.0
category1_category2,خواب و حمام,حوله محلی,14,0,0,14,0.0,0,0,0,0,,,0,0,0,1,14,100.0,2000000.0,2800000.0,3600000.0
category1_category2,خواب و حمام,پتو سنتی,2,0,0,2,0.0,0,0,0,0,,,0,0,0,1,2,100.0,29750000.0,72500000.0,115250000.0
category1_category2,خواب و حمام,کوسن سنتی,39,0,0,39,0.0,0,0,0,0,,,0,0,0,2,39,100.0,1936990.0,4300000.0,9082900.0
category1_category2,خوار و بار محلی,برنج محلی,166,0,0,166,0.0,0,0,0,0,,,0,0,0,7,166,100.0,1162500.0,7405000.0,14675000.0
category1_category2,خوار و بار محلی,روغن محلی,245,0,0,245,0.0,0,0,0,0,,,0,0,0,15,245,100.0,1076000.0,3100000.0,10549999.999999989
category1_category2,دخترانه,اکسسوری دخترانه,11314,45892,3480,7834,30.758352483648576,1203,741,459,233,2.0,67.04999999999973,45885,43515,41847,87,11314,100.0,220000.0,720000.0,3900000.0
category1_category2,دخترانه,لباس دخترانه,21781,40525,5169,16612,23.731692759744732,1424,787,383,143,2.0,30.0,40521,39090,36801,280,21781,100.0,389000.0,1700000.0,6800000.0
category1_category2,دخترانه,کفش دخترانه,2165,5849,920,1245,42.494226327944574,293,145,54,15,3.0,21.049999999999955,5849,5520,4722,70,2164,99.95381062355658,750000.0,2400000.0,13469999.999999981
category1_category2,دست بافته‌ ها، رودوزی و محصولات پارچه ای و چرمی,بافتنی,1492,1755,290,1202,19.43699731903485,67,32,15,4,2.0,21.750000000000057,1755,1541,1693,4,1492,100.0,750000.0,2150000.0,6045000.000000005
category1_category2,دست بافته‌ ها، رودوزی و محصولات پارچه ای و چرمی,ترمه,871,665,106,765,12.1699196326062,41,15,5,2,3.0,18.0,665,640,657,8,871,100.0,720000.0,9752000.0,35000000.0
category1_category2,دست بافته‌ ها، رودوزی و محصولات پارچه ای و چرمی,جاجیم,15,82,7,8,46.666666666666664,5,4,1,0,13.0,25.699999999999992,82,79,82,1,15,100.0,1064000.0,1800000.0,2100000.0
category1_category2,دست بافته‌ ها، رودوزی و محصولات پارچه ای و چرمی,دستمال و حوله دستبافت,3,0,0,3,0.0,0,0,0,0,,,0,0,0,1,3,100.0,1220000.0,1400000.0,1643000.0
category1_category2,دست بافته‌ ها، رودوزی و محصولات پارچه ای و چرمی,سرمه دوزی,2,0,0,2,0.0,0,0,0,0,,,0,0,0,1,2,100.0,6400000.0,19000000.0,31600000.0
category1_category2,دست بافته‌ ها، رودوزی و محصولات پارچه ای و چرمی,سوزن دوزی,784,54,30,754,3.826530612244898,2,1,0,0,1.0,4.099999999999994,54,28,54,3,784,100.0,1000000.0,3000000.0,22000000.0
category1_category2,دست بافته‌ ها، رودوزی و محصولات پارچه ای و چرمی,مبل پاف,51,0,0,51,0.0,0,0,0,0,,,0,0,0,2,51,100.0,6590000.0,9590000.0,14700000.0
category1_category2,دست بافته‌ ها، رودوزی و محصولات پارچه ای و چرمی,ملزومات بافتنی,1045,5226,637,408,60.95693779904306,252,128,62,18,3.0,35.19999999999993,5225,5009,4915,7,1045,100.0,275000.0,550000.0,1100000.0
category1_category2,دست بافته‌ ها، رودوزی و محصولات پارچه ای و چرمی,پارچه,3457,6269,1068,2389,30.89383858837142,333,155,75,10,2.0,24.0,6268,5701,6043,12,3457,100.0,175000.0,1199000.0,8440000.0
category1_category2,دست بافته‌ ها، رودوزی و محصولات پارچه ای و چرمی,پارچه قلمکار,221,93,19,202,8.597285067873303,4,2,1,0,3.0,19.799999999999983,93,91,90,3,221,100.0,2000000.0,5040000.0,10700000.0
category1_category2,دست بافته‌ ها، رودوزی و محصولات پارچه ای و چرمی,پرچم,5332,1785,470,4862,8.81470367591898,67,32,12,5,1.0,13.0,1785,1700,1697,6,5332,100.0,1200000.0,2590000.0,9900000.0
category1_category2,دست بافته‌ ها، رودوزی و محصولات پارچه ای و چرمی,کیف دست دوز پارچه ای,298,700,103,195,34.56375838926174,41,19,7,1,3.0,23.89999999999999,700,669,641,8,298,100.0,580000.0,2500000.0,6800000.0
category1_category2,دست بافته‌ ها، رودوزی و محصولات پارچه ای و چرمی,کیف چرمی دست دوز,1197,109,53,1144,4.427736006683375,4,2,0,0,1.0,6.0,109,71,83,9,1196,99.91645781119465,1200000.0,2100000.0,15000000.0
category1_category2,دست سازه های هنری,آینه دست‌ساز,104,42,11,93,10.576923076923077,3,2,0,0,1.0,14.0,42,38,42,3,104,100.0,350000.0,2530000.0,15000000.0
category1_category2,دست سازه های هنری,تابلو صنایع دستی,4554,320,88,4466,1.932367149758454,13,8,3,0,1.0,16.599999999999966,320,290,290,10,4554,100.0,1243000.0,8496050.0,40000000.0
category1_category2,دست سازه های هنری,تندیس و مجسمه دست ساز,482,319,82,400,17.012448132780083,14,2,2,1,2.0,6.950000000000003,319,291,313,4,481,99.79253112033194,380000.0,2989000.0,11000000.0
category1_category2,دست سازه های هنری,جاشمعی، جاعودی و آباژور,1303,4477,406,897,31.15886415963162,132,76,46,22,2.0,54.0,4477,4281,4393,13,1303,100.0,329900.0,1099000.0,4724999.999999966
category1_category2,دست سازه های هنری,جاکلیدی,5338,7143,634,4704,11.877107530910454,188,114,67,41,2.0,58.700000000000045,7142,6742,6943,12,5338,100.0,470000.0,778500.0,1800000.0
category1_category2,دست سازه های هنری,جعبه هدیه,1894,9248,507,1387,26.768743400211193,216,142,92,44,3.0,121.79999999999995,9247,8902,8750,9,1894,100.0,230000.0,1410000.0,5386500.0
category1_category2,دست سازه های هنری,دست سازه های توان یابان,1,64,1,0,100.0,1,1,1,1,64.0,64.0,64,60,29,1,1,100.0,750000.0,750000.0,750000.0
category1_category2,دست سازه های هنری,ساعت دست‌ساز,291,79,5,286,1.7182130584192439,3,2,1,1,5.0,46.8,79,75,50,7,291,100.0,2484500.0,6000000.0,19500000.0
category1_category2,دست سازه های هنری,صنایع دستی تزئینی,500,271,72,428,14.4,11,7,5,0,1.0,24.0,271,212,157,4,500,100.0,350000.0,1500000.0,11420499.999999972
category1_category2,دست سازه های هنری,طبقه و قفسه,242,1763,111,131,45.86776859504132,46,29,19,9,3.0,78.0,1762,1724,1666,1,242,100.0,406350.0,2100000.0,7894799.999999998
category1_category2,دست سازه های هنری,ظروف شیشه‌ای,258,335,61,197,23.643410852713178,18,13,2,0,2.0,19.0,335,314,330,2,257,99.6124031007752,956940.0,2966500.0,9147260.0
category1_category2,دست سازه های هنری,قاب عکس دست‌ساز,74,108,24,50,32.432432432432435,5,1,1,0,2.0,8.399999999999991,108,98,107,1,74,100.0,432500.0,1825000.0,6852499.999999999
category1_category2,دست سازه های هنری,ملیله کاغذی,48,343,33,15,68.75,14,10,4,1,3.0,30.599999999999994,343,333,309,2,48,100.0,229800.0,720000.0,2649499.9999999995
category1_category2,دست سازه های هنری,کابوس گیر,139,903,90,49,64.74820143884892,40,23,11,2,4.0,36.099999999999994,902,857,857,2,139,100.0,319000.0,680000.0,4000000.0
category1_category2,دفتر و کاغذ و مقوا,دفتر,26458,82320,5928,20530,22.405321641847458,2129,1332,791,402,3.0,70.0,82312,78836,78833,86,26450,99.969763398594,350000.0,660000.0,1000000.0
category1_category2,دفتر و کاغذ و مقوا,مقوا,183,6655,133,50,72.6775956284153,96,76,61,39,15.0,200.0,6655,6520,6372,11,183,100.0,210990.0,645000.0,950000.0
category1_category2,دفتر و کاغذ و مقوا,کاغذ,3424,63357,2267,1157,66.20911214953271,1238,923,625,360,5.0,200.0,63352,61513,60839,41,3424,100.0,150150.0,319400.0,850000.0
category1_category2,دکوراتیو سنتی,آویز سرپرده سنتی,12,0,0,12,0.0,0,0,0,0,,,0,0,0,1,12,100.0,299000.0,380000.0,380000.0
category1_category2,دکوراتیو سنتی,آویز کلید دست ساز,9,0,0,9,0.0,0,0,0,0,,,0,0,0,1,9,100.0,776000.0,9500000.0,32300000.0
category1_category2,دکوراتیو سنتی,آینه سنتی,8,0,0,8,0.0,0,0,0,0,,,0,0,0,1,8,100.0,590000.0,1420150.0,13447499.99999999
category1_category2,دکوراتیو سنتی,اسپند سوز سنتی,2,0,0,2,0.0,0,0,0,0,,,0,0,0,1,2,100.0,440050.0,539500.0,638950.0
category1_category2,دکوراتیو سنتی,تابلو سنتی,28,0,0,28,0.0,0,0,0,0,,,0,0,0,1,28,100.0,2066500.0,10500000.0,50449999.999999985
category1_category2,دکوراتیو سنتی,جا دستمال کاغذی سنتی,1,0,0,1,0.0,0,0,0,0,,,0,0,0,1,1,100.0,10000000.0,10000000.0,10000000.0
category1_category2,دکوراتیو سنتی,زیر سیگاری سنتی,4,0,0,4,0.0,0,0,0,0,,,0,0,0,1,4,100.0,1533000.0,1770000.0,2542499.9999999995
category1_category2,دکوراتیو سنتی,ساعت دستساز بومی و محلی,6,0,0,6,0.0,0,0,0,0,,,0,0,0,2,6,100.0,5742500.0,8750000.0,16875000.0
category1_category2,دکوراتیو سنتی,ست اداری محلی,2,0,0,2,0.0,0,0,0,0,,,0,0,0,1,2,100.0,6955000.0,7450000.0,7945000.0
category1_category2,دکوراتیو سنتی,ست هدیه سنتی,63,0,0,63,0.0,0,0,0,0,,,0,0,0,3,63,100.0,2010000.0,6920000.0,80820000.0
category1_category2,دکوراتیو سنتی,ست هفت سین سنتی,46,0,0,46,0.0,0,0,0,0,,,0,0,0,2,46,100.0,1402500.0,4800000.0,20575000.0
category1_category2,دکوراتیو سنتی,سرمه دان دست ساز,3,0,0,3,0.0,0,0,0,0,,,0,0,0,2,3,100.0,455000.0,500000.0,1400000.0
category1_category2,دکوراتیو سنتی,سرکلیدی دست ساز,12,0,0,12,0.0,0,0,0,0,,,0,0,0,1,12,100.0,227050.0,950000.0,1050000.0
category1_category2,دکوراتیو سنتی,شلف گره چینی محلی,1,0,0,1,0.0,0,0,0,0,,,0,0,0,1,1,100.0,49800000.0,49800000.0,49800000.0
category1_category2,دکوراتیو سنتی,شمعدان دست ساز,15,0,0,15,0.0,0,0,0,0,,,0,0,0,1,15,100.0,782000.0,1490000.0,3512999.9999999977
category1_category2,دکوراتیو سنتی,قاب دست ساز,1,0,0,1,0.0,0,0,0,0,,,0,0,0,1,1,100.0,1860000.0,1860000.0,1860000.0
category1_category2,دکوراتیو سنتی,قفل دست ساز,2,0,0,2,0.0,0,0,0,0,,,0,0,0,2,2,100.0,643500.0,4365000.0,8086500.0
category1_category2,دکوراتیو سنتی,قلمدان سنتی,6,0,0,6,0.0,0,0,0,0,,,0,0,0,2,6,100.0,369000.0,525250.0,4665000.0
category1_category2,دکوراتیو سنتی,لوستر و چراغ آویز دست ساز,11,0,0,11,0.0,0,0,0,0,,,0,0,0,1,11,100.0,3375000.0,5000000.0,18150000.0
category1_category2,دکوراتیو سنتی,مجسمه دست ساز,30,0,0,30,0.0,0,0,0,0,,,0,0,0,3,30,100.0,443250.0,2720000.0,7609999.999999999
category1_category2,دکوراتیو سنتی,محصولات بافتنی,72,0,0,72,0.0,0,0,0,0,,,0,0,0,2,72,100.0,900000.0,2800000.0,7117250.000000002
category1_category2,دکوراتیو سنتی,میز دست ساز,2,0,0,2,0.0,0,0,0,0,,,0,0,0,1,2,100.0,24980000.0,25700000.0,26420000.0
category1_category2,دکوراتیو سنتی,نوار سوزن دوزی,3,0,0,3,0.0,0,0,0,0,,,0,0,0,1,3,100.0,1530000.0,1800000.0,2430000.0
category1_category2,دکوراتیو سنتی,چراغ خواب و آباژور دست ساز,24,0,0,24,0.0,0,0,0,0,,,0,0,0,1,24,100.0,1573500.0,7785000.0,32249999.99999999
category1_category2,دکوراتیو سنتی,چراغ پیه سوز,1,0,0,1,0.0,0,0,0,0,,,0,0,0,1,1,100.0,3810000.0,3810000.0,3810000.0
category1_category2,دکوراتیو سنتی,کاشی سنتی,4,0,0,4,0.0,0,0,0,0,,,0,0,0,2,4,100.0,380000.0,392500.0,443250.0
category1_category2,دکوراتیو سنتی,کشو دست ساز,1,0,0,1,0.0,0,0,0,0,,,0,0,0,1,1,100.0,5500000.0,5500000.0,5500000.0
category1_category2,دکوراتیو سنتی,گلدان دست ساز,59,0,0,59,0.0,0,0,0,0,,,0,0,0,2,59,100.0,298000.0,1850000.0,9839999.999999998
category1_category2,روفرشی و پشتی,روفرشی,406,4043,276,130,67.98029556650246,140,96,50,21,5.0,63.0,4042,3835,3822,9,406,100.0,1240000.0,4700000.0,14990000.0
category1_category2,روفرشی و پشتی,پشتی,45,228,30,15,66.66666666666667,7,6,3,1,2.0,23.0,228,209,216,1,45,100.0,1990000.0,11900000.0,15200000.0
category1_category2,رومیزی، رانر و زیربشقابی سنتی,رومیزی سنتی,29,0,0,29,0.0,0,0,0,0,,,0,0,0,3,29,100.0,528000.0,8000000.0,27999999.99999999
category1_category2,رومیزی، رانر و زیربشقابی سنتی,زیر لیوانی سنتی,12,0,0,12,0.0,0,0,0,0,,,0,0,0,1,12,100.0,631500.0,1180000.0,3400499.999999998
category1_category2,زیورآلات طلا بچگانه,زیورآلات طلا دخترانه,2541,129,44,2497,1.7316017316017316,3,1,1,1,1.0,7.400000000000006,129,120,98,8,2541,100.0,5268800.0,8484300.0,39900000.0
category1_category2,زیورآلات طلا زنانه,آویز ساعت طلا زنانه,1121,0,0,1121,0.0,0,0,0,0,,,0,0,0,15,1121,100.0,9754600.0,16890000.0,32154200.0
category1_category2,زیورآلات طلا زنانه,آویز طلا زنانه,5588,0,0,5588,0.0,0,0,0,0,,,0,0,0,20,5587,99.98210450966357,12283600.0,21106100.0,41908900.0
category1_category2,زیورآلات طلا زنانه,انگشتر طلا زنانه,713,0,0,713,0.0,0,0,0,0,,,0,0,0,17,713,100.0,18660400.0,77128600.0,680599999.9999999
category1_category2,زیورآلات طلا زنانه,جاکلیدی طلا زنانه,17,0,0,17,0.0,0,0,0,0,,,0,0,0,2,17,100.0,10077520.0,11893300.0,15217139.999999998
category1_category2,زیورآلات طلا زنانه,دستبند طلا زنانه,5022,0,0,5022,0.0,0,0,0,0,,,0,0,0,26,5022,100.0,8722000.0,13338500.0,123920400.0
category1_category2,زیورآلات طلا زنانه,زنجیر طلا زنانه,290,0,0,290,0.0,0,0,0,0,,,0,0,0,10,290,100.0,24482160.0,92488650.0,351472545.0
category1_category2,زیورآلات طلا زنانه,ست زیورآلات طلا زنانه,1938,0,0,1938,0.0,0,0,0,0,,,0,0,0,17,1938,100.0,17592190.0,45731000.0,200199149.9999998
category1_category2,زیورآلات طلا زنانه,پابند طلا زنانه,555,0,0,555,0.0,0,0,0,0,,,0,0,0,12,555,100.0,21098920.000000004,40490000.0,78255719.99999993
category1_category2,زیورآلات طلا زنانه,پیرسینگ طلا زنانه,46,0,0,46,0.0,0,0,0,0,,,0,0,0,3,46,100.0,10405000.0,53125000.0,69767500.0
category1_category2,زیورآلات طلا زنانه,گردنبند طلا زنانه,15743,0,0,15743,0.0,0,0,0,0,,,0,0,0,25,15743,100.0,15512580.000000002,41200000.0,99636800.0
category1_category2,زیورآلات طلا زنانه,گل سینه طلا زنانه,7,0,0,7,0.0,0,0,0,0,,,0,0,0,2,7,100.0,24020000.0,27096300.0,42185329.999999985
category1_category2,زیورآلات طلا زنانه,گوشواره طلا زنانه,1863,0,0,1863,0.0,0,0,0,0,,,0,0,0,24,1863,100.0,12453300.0,25289800.0,114844799.99999994
category1_category2,زیورآلات طلا مردانه,انگشتر طلا مردانه,30,16,10,20,33.333333333333336,0,0,0,0,1.0,3.549999999999999,16,15,15,3,30,100.0,10434000.0,11100000.0,251303849.99999994
category1_category2,زیورآلات طلا مردانه,جاکلیدی طلا مردانه,57,13,7,50,12.280701754385966,0,0,0,0,2.0,3.3999999999999986,13,13,13,2,57,100.0,9060000.0,13000000.0,13000000.0
category1_category2,زیورآلات طلا مردانه,دستبند طلا مردانه,3514,225,99,3415,2.817302219692658,10,5,1,0,1.0,9.099999999999994,224,206,209,13,3514,100.0,5268800.0,9345000.0,15350000.0
category1_category2,زیورآلات طلا مردانه,دکمه سردست طلا مردانه,1,0,0,1,0.0,0,0,0,0,,,0,0,0,1,1,100.0,491680000.0,491680000.0,491680000.0
category1_category2,زیورآلات طلا مردانه,زنجیر طلا مردانه,18,0,0,18,0.0,0,0,0,0,,,0,0,0,2,18,100.0,147572400.0,246620000.0,673444274.9999999
category1_category2,زیورآلات طلا مردانه,ست زیورآلات طلا مردانه,5,0,0,5,0.0,0,0,0,0,,,0,0,0,1,5,100.0,24510000.0,45290000.0,97230000.0
category1_category2,زیورآلات طلا مردانه,گردنبند طلا مردانه,7,0,0,7,0.0,0,0,0,0,,,0,0,0,2,7,100.0,11213950.0,28190000.0,38339999.99999999
category1_category2,سازهای الکترونیک,دی جی,7,18,5,2,71.42857142857143,2,0,0,0,3.0,5.8,18,7,18,2,7,100.0,116280000.0,200000000.0,553509999.9999999
category1_category2,سازهای بادی,سازدهنی,102,1317,81,21,79.41176470588235,42,28,18,6,5.0,98.0,1317,1161,1170,8,102,100.0,3452500.0,26000000.0,179499999.99999988
category1_category2,سازهای بادی,ساکسیفون,1,2,1,0,100.0,0,0,0,0,2.0,2.0,2,0,2,1,1,100.0,240000000.0,240000000.0,240000000.0
category1_category2,سازهای بادی,فلوت ریکوردر,13,535,12,1,92.3076923076923,9,9,7,3,27.0,148.29999999999993,535,516,507,3,13,100.0,593800.0,4200000.0,7399999.999999998
category1_category2,سازهای بادی,ملودیکا,22,180,15,7,68.18181818181819,5,5,3,0,3.0,42.9,180,147,155,2,22,100.0,12000000.0,25495000.0,64699999.99999999
category1_category2,سازهای بادی,نی,2,30,2,0,100.0,1,1,1,0,15.0,25.799999999999997,30,25,29,1,2,100.0,2044840.0,12913600.0,23782360.0
category1_category2,سازهای زهی,باغلاما,2,0,0,2,0.0,0,0,0,0,,,0,0,0,1,2,100.0,136000000.0,145000000.0,154000000.0
category1_category2,سازهای زهی,تار,7,1,1,6,14.285714285714286,0,0,0,0,1.0,1.0,1,0,1,2,7,100.0,113325000.0,399000000.0,991900000.0
category1_category2,سازهای زهی,تنبور,1,2,1,0,100.0,0,0,0,0,2.0,2.0,2,2,1,1,1,100.0,13000000.0,13000000.0,13000000.0
category1_category2,سازهای زهی,سنتور,95,437,53,42,55.78947368421053,15,9,6,1,2.0,44.39999999999999,437,355,306,3,95,100.0,25000000.0,43500000.0,160000000.0
category1_category2,سازهای زهی,سه تار,55,505,21,34,38.18181818181818,9,8,5,3,3.0,113.0,505,436,470,2,55,100.0,9870000.0,24000000.0,124600000.0
category1_category2,سازهای زهی,ویولن,83,345,47,36,56.626506024096386,22,9,4,1,4.0,24.699999999999996,345,209,324,8,83,100.0,38500000.0,71250000.0,319500000.0
category1_category2,سازهای زهی,چنگ,12,29,10,2,83.33333333333333,1,0,0,0,2.5,6.199999999999996,29,22,14,2,12,100.0,25000000.0,25000000.0,26000000.0
category1_category2,سازهای زهی,کمانچه,7,25,6,1,85.71428571428571,3,0,0,0,4.5,8.0,25,20,24,1,7,100.0,20990000.0,21990000.0,83299999.99999994
category1_category2,سازهای زهی,گیتار,261,2982,165,96,63.2183908045977,78,57,36,16,4.0,87.99999999999983,2981,2268,2832,19,261,100.0,17000000.0,26390000.0,280000000.0
category1_category2,سازهای صفحه کلیددار,پیانو,37,235,28,9,75.67567567567568,12,6,4,1,3.5,28.299999999999997,235,145,226,10,37,100.0,48080000.0,309000000.0,997039999.9999999
category1_category2,سازهای صفحه کلیددار,کالیمبا,196,1879,116,80,59.183673469387756,60,40,24,8,5.0,78.5,1879,1611,1573,9,196,100.0,4750000.0,9500000.0,19922500.0
category1_category2,سازهای صفحه کلیددار,کیبورد و ارگ,17,108,14,3,82.3529411764706,7,3,1,0,4.5,23.199999999999996,108,41,103,6,17,100.0,24000000.0,175000000.0,1071800000.0
category1_category2,سازهای کوبه‌ای,تنبک,21,128,15,6,71.42857142857143,3,2,2,1,1.0,44.299999999999955,128,113,56,2,21,100.0,6500000.0,31000000.0,71440000.0
category1_category2,سازهای کوبه‌ای,درامز,6,4,3,3,50.0,0,0,0,0,1.0,1.9,4,1,4,3,6,100.0,160000000.0,285000000.0,376250000.0
category1_category2,سازهای کوبه‌ای,دف,82,266,51,31,62.19512195121951,13,7,1,1,2.0,17.0,265,221,252,4,82,100.0,2559500.0,6950000.0,12880000.000000002
category1_category2,سازهای کوبه‌ای,پرکاشن,167,333,74,93,44.31137724550898,19,12,2,0,2.0,17.349999999999994,333,257,322,3,167,100.0,16500000.0,56990000.0,263999999.99999976
category1_category2,ساپورت های طبی,ساپورت های تنه,576,10711,430,146,74.65277777777777,273,183,125,57,7.5,148.0,10709,10164,10029,30,576,100.0,807425.0,2920000.0,11162500.0
category1_category2,ساپورت های طبی,ساپورت های دست,519,3412,300,219,57.80346820809248,153,85,42,13,5.0,45.0,3411,3236,3181,24,519,100.0,487100.00000000006,1570000.0,5049999.999999983
category1_category2,ساپورت های طبی,ساپورت های پا,840,6318,465,375,55.357142857142854,237,152,82,25,5.0,53.799999999999955,6317,6001,5895,37,840,100.0,589390.0,1842800.0,9183904.999999987
category1_category2,ساپورت های طبی,ساپورت های گردن,95,1013,66,29,69.47368421052632,35,22,17,2,5.0,43.75,1013,975,943,13,95,100.0,1021000.0,2076800.0,5649999.999999995
category1_category2,سلامت محیط,تجهیزات ضدعفونی کننده,88,258,35,53,39.77272727272727,13,7,3,1,3.0,30.39999999999995,258,194,100,13,88,100.0,872500.0000000002,24050000.0,186074999.99999994
category1_category2,سلامت محیط,تصفیه کننده آب,1726,12147,595,1131,34.472769409038236,274,191,135,67,3.0,126.89999999999986,12146,11174,11013,37,1726,100.0,32987500.0,63000000.0,133717500.0
category1_category2,سلامت محیط,تصفیه کننده هوا,112,1119,62,50,55.357142857142854,38,25,14,4,8.0,87.6499999999998,1119,886,998,30,112,100.0,5850000.0,95300000.0,397064999.99999946
category1_category2,سلامت محیط,دماسنج محیطی,92,4941,85,7,92.3913043478261,71,59,47,32,23.0,200.0,4941,4801,4642,12,92,100.0,220950.0,1315250.0,10163500.000000004
category1_category2,سلامت محیط,رطوبت‌ گیر,61,1473,32,29,52.459016393442624,18,15,14,9,7.5,200.0,1473,1434,1406,5,61,100.0,337200.0,3000000.0,215000000.0
category1_category2,سلامت محیط,فیلتر تصفیه کننده آب,1579,27168,1174,405,74.35085497150095,672,461,317,149,6.0,123.0,27165,26149,20595,59,1579,100.0,467600.00000000006,2750000.0,11000000.0
category1_category2,سلامت محیط,فیلتر تصفیه کننده هوا,38,494,32,6,84.21052631578948,10,8,5,3,2.5,74.89999999999998,494,473,331,4,38,100.0,334500.0,7641000.0,31229999.99999999
category1_category2,سلامت محیط,پارچ و کلمن تصفیه آب,9,1030,9,0,100.0,9,8,7,6,134.0,200.0,1030,978,552,4,9,100.0,2336000.0,3090000.0,6545000.0
category1_category2,شامپو و مراقبت مو,تقویت کننده مو,353,8438,212,141,60.05665722379604,125,101,76,46,8.0,200.0,8437,7808,8063,56,353,100.0,549600.0,1950000.0,6347799.999999993
category1_category2,شامپو و مراقبت مو,روغن مو,305,9275,187,118,61.31147540983606,143,120,85,50,17.0,200.0,9275,8823,8803,83,305,100.0,480080.0,2358000.0,14160000.000000002
category1_category2,شامپو و مراقبت مو,سرم و اسپری مو,787,23413,554,233,70.39390088945362,387,291,219,131,11.0,200.0,23411,22226,22298,169,787,100.0,630000.0,1781600.0,9149999.999999966
category1_category2,شامپو و مراقبت مو,شامپو مو,3667,114066,2666,1001,72.70248159258249,1890,1507,1116,647,13.0,200.0,114060,108986,108174,379,3663,99.89091900736297,395000.0,1530000.0,8446619.999999987
category1_category2,شامپو و مراقبت مو,لوسیون مو,147,4541,99,48,67.34693877551021,71,54,43,31,12.0,201.0,4541,4267,4296,43,147,100.0,483000.0,1866400.0,6674999.999999997
category1_category2,شامپو و مراقبت مو,ماسک و مراقبت مو,1848,41121,1186,662,64.17748917748918,761,570,415,234,9.0,200.0,41119,38823,39084,268,1846,99.89177489177489,610000.0,1992500.0,12490000.0
category1_category2,شامپو و مراقبت مو,نرم‌کننده مو,341,11856,246,95,72.14076246334311,174,136,102,68,13.0,201.0,11856,11296,11172,94,340,99.70674486803519,344670.0,1189000.0,8424855.0
category1_category2,صبحانه محلی,حلوا شکری، ارده و کنجد سنتی,369,0,0,369,0.0,0,0,0,0,,,0,0,0,12,369,100.0,414000.0,1050000.0,3200000.0
category1_category2,صبحانه محلی,عسل طبیعی,343,0,0,343,0.0,0,0,0,0,,,0,0,0,16,343,100.0,1205000.0,2950000.0,6914999.999999992
category1_category2,صبحانه محلی,مربا خانگی,43,0,0,43,0.0,0,0,0,0,,,0,0,0,2,43,100.0,571000.0,1035000.0,1742500.0
category1_category2,صبحانه محلی,کره بادام زمینی خانگی,114,0,0,114,0.0,0,0,0,0,,,0,0,0,4,114,100.0,815550.0,2595000.0,10800000.0
category1_category2,ضد تعریق,استیک ضد تعریق,142,5460,110,32,77.46478873239437,83,55,40,29,9.5,201.55,5460,5273,5206,17,139,97.88732394366197,974000.0,2200000.0,4116999.9999999995
category1_category2,ضد تعریق,اسپری ضد تعریق,438,12007,335,103,76.48401826484019,232,175,135,65,11.0,200.0,12006,11661,11059,44,438,100.0,445750.0,1360000.0,3000000.0
category1_category2,ضد تعریق,دئودورانت,78,594,42,36,53.84615384615385,16,7,3,2,3.0,23.64999999999997,594,572,585,11,78,100.0,791650.0,1090000.0,4500000.0
category1_category2,ضد تعریق,رول ضد تعریق,666,25848,547,119,82.13213213213213,394,325,241,148,14.0,201.0,25848,25160,24557,67,665,99.84984984984985,414200.0,990000.0,3951999.999999991
category1_category2,ضد تعریق,پد عرق گیر,429,1307,112,317,26.107226107226108,34,23,14,4,2.0,40.89999999999998,1307,1276,1245,7,429,100.0,790000.0,1660000.0,3695999.999999998
category1_category2,ضد تعریق,ژل شفاف ضد تعریق,43,987,33,10,76.74418604651163,21,14,12,4,7.0,201.4,987,957,968,6,43,100.0,1025550.0,2350000.0,3000000.0
category1_category2,ضد تعریق,کرم ضد تعریق,24,1268,17,7,70.83333333333333,15,14,10,8,44.0,203.4,1267,1203,1252,8,24,100.0,604735.0,3142400.0,6410000.0
category1_category2,ظروف سنتی,آجیل خوری سنتی,3,0,0,3,0.0,0,0,0,0,,,0,0,0,1,3,100.0,3270000.0,12000000.0,16522500.0
category1_category2,ظروف سنتی,اردور خوری سنتی,19,0,0,19,0.0,0,0,0,0,,,0,0,0,1,19,100.0,2140250.0,4500000.0,8989999.999999998
category1_category2,ظروف سنتی,بشقاب سنتی,47,0,0,47,0.0,0,0,0,0,,,0,0,0,3,47,100.0,520000.0,1240000.0,5499999.999999995
category1_category2,ظروف سنتی,بطری سنتی,36,0,0,36,0.0,0,0,0,0,,,0,0,0,1,36,100.0,1472500.0,2956450.0,4759275.0
category1_category2,ظروف سنتی,خمره سنتی,4,0,0,4,0.0,0,0,0,0,,,0,0,0,1,4,100.0,384375.0,561250.0,702000.0
category1_category2,ظروف سنتی,دیس و سینی سنتی,63,0,0,63,0.0,0,0,0,0,,,0,0,0,2,63,100.0,1496000.0,2700000.0,9128999.999999998
category1_category2,ظروف سنتی,دیگ و قابلمه سنتی,12,0,0,12,0.0,0,0,0,0,,,0,0,0,2,12,100.0,1924500.0,6545000.0,17754999.999999996
category1_category2,ظروف سنتی,سرویس چای خوری سنتی,1,0,0,1,0.0,0,0,0,0,,,0,0,0,1,1,100.0,75500000.0,75500000.0,75500000.0
category1_category2,ظروف سنتی,سس خوری سنتی,1,0,0,1,0.0,0,0,0,0,,,0,0,0,1,1,100.0,280000.0,280000.0,280000.0
category1_category2,ظروف سنتی,شکلات خوری سنتی,29,0,0,29,0.0,0,0,0,0,,,0,0,0,3,29,100.0,576000.0,2500000.0,21875999.999999985
category1_category2,ظروف سنتی,شیرینی خوری سنتی,16,0,0,16,0.0,0,0,0,0,,,0,0,0,1,16,100.0,650000.0,4750000.0,14000000.0
category1_category2,ظروف سنتی,فنجان و نعلبکی سنتی,39,0,0,39,0.0,0,0,0,0,,,0,0,0,1,39,100.0,272000.0,1900000.0,4770000.0
category1_category2,ظروف سنتی,قندان سنتی,20,0,0,20,0.0,0,0,0,0,,,0,0,0,1,20,100.0,353725.0,2570000.0,7070000.000000001
category1_category2,ظروف سنتی,قوری سنتی,7,0,0,7,0.0,0,0,0,0,,,0,0,0,1,7,100.0,680000.0,750000.0,4593999.999999996
category1_category2,ظروف سنتی,لیوان سنتی,51,0,0,51,0.0,0,0,0,0,,,0,0,0,1,51,100.0,360000.0,2150000.0,3670000.0
category1_category2,ظروف سنتی,میوه‌ خوری دست ساز,1,0,0,1,0.0,0,0,0,0,,,0,0,0,1,1,100.0,13100000.0,13100000.0,13100000.0
category1_category2,ظروف سنتی,نمکدان و فلفل پاش محلی,6,0,0,6,0.0,0,0,0,0,,,0,0,0,1,6,100.0,500125.0,1035000.0,1430000.0
category1_category2,ظروف سنتی,پارچ سنتی,4,0,0,4,0.0,0,0,0,0,,,0,0,0,1,4,100.0,1206500.0,1580000.0,9212499.999999996
category1_category2,ظروف سنتی,پارچ و لیوان سنتی,8,0,0,8,0.0,0,0,0,0,,,0,0,0,2,8,100.0,1149500.0,2615000.0,2865000.0
category1_category2,ظروف سنتی,پیاله و جام سنتی,5,0,0,5,0.0,0,0,0,0,,,0,0,0,1,5,100.0,454000.0,840000.0,2218000.0
category1_category2,ظروف سنتی,کاسه و بشقاب سنتی,52,0,0,52,0.0,0,0,0,0,,,0,0,0,2,52,100.0,495000.0,1767500.0,5954614.999999997
category1_category2,غیر خوراکی,بخورات,2,10,2,0,100.0,1,0,0,0,5.0,6.8,10,6,10,1,2,100.0,366050.0,429500.0,492950.0
category1_category2,غیر خوراکی,مراقبت پوست,452,135,65,387,14.380530973451327,5,1,0,0,1.0,5.799999999999997,135,119,135,4,452,100.0,290000.0,1150000.0,4300000.0
category1_category2,فرش,فرش دستبافت,2249,9,7,2242,0.31124944419742107,0,0,0,0,1.0,2.0,9,2,9,9,2249,100.0,58500000.0,236000000.0,1400000000.0
category1_category2,فرش,فرش قدیمی,1174,2,2,1172,0.17035775127768313,0,0,0,0,1.0,1.0,2,1,2,3,1174,100.0,38500000.0,175750000.0,669349999.9999999
category1_category2,فرش,فرش ماشینی,3379,13941,1243,2136,36.78603137022788,442,255,143,66,3.0,50.899999999999864,13939,12761,12620,48,3379,100.0,576400.0,15500000.0,125000000.0
category1_category2,فرش,فرش پارچه‌ای,225,93,40,185,17.77777777777778,5,0,0,0,2.0,7.0,93,81,91,3,225,100.0,1166400.0,5900000.0,13000000.0
category1_category2,فرش,فرش پوست,158,6,5,153,3.1645569620253164,0,0,0,0,1.0,1.7999999999999998,6,5,6,2,158,100.0,6350000.000000001,13500000.0,35120250.00000001
category1_category2,فرش,نمد فرش,51,90,25,26,49.01960784313726,6,2,0,0,2.0,12.399999999999977,90,80,76,1,51,100.0,1875000.0,8950000.0,19500000.0
category1_category2,قالی و قالیچه,جاجیم سنتی,2,0,0,2,0.0,0,0,0,0,,,0,0,0,1,2,100.0,3625000.0,13750000.0,23875000.0
category1_category2,قالی و قالیچه,زیرانداز سنتی,8,0,0,8,0.0,0,0,0,0,,,0,0,0,2,8,100.0,1980000.0,2740000.0,9601249.999999998
category1_category2,قالی و قالیچه,زیلو,1,0,0,1,0.0,0,0,0,0,,,0,0,0,1,1,100.0,27500000.0,27500000.0,27500000.0
category1_category2,قالی و قالیچه,قالی و قالیچه محلی,77,0,0,77,0.0,0,0,0,0,,,0,0,0,2,77,100.0,23000000.0,75900000.0,658300000.0000001
category1_category2,قالی و قالیچه,گبه سنتی,126,0,0,126,0.0,0,0,0,0,,,0,0,0,1,126,100.0,6000000.0,21000000.0,81075000.0
category1_category2,قالی و قالیچه,گلیم سنتی,186,0,0,186,0.0,0,0,0,0,,,0,0,0,2,186,100.0,5525000.0,15900000.0,39500000.0
category1_category2,لباس زنانه,بلوز و شومیز زنانه,3015,4747,968,2047,32.106135986733,202,86,40,13,2.0,15.0,4746,4410,4322,144,3015,100.0,1797000.0000000002,4095900.0,11500000.0
category1_category2,لباس زنانه,تاپ و نیم تنه زنانه,3866,8468,1005,2861,25.995861355406106,261,145,79,36,2.0,34.0,8467,8186,8049,125,3866,100.0,700000.0,2000000.0,6649250.0
category1_category2,لباس زنانه,تونیک زنانه,2093,3703,639,1454,30.5303392259914,123,64,37,11,1.0,20.100000000000023,3702,3486,2906,80,2093,100.0,1020000.0,3360000.0,9690000.0
category1_category2,لباس زنانه,تی شرت زنانه,9667,18764,2233,7434,23.099203475742215,588,316,176,77,2.0,33.40000000000009,18760,17956,17334,150,9666,99.98965552911969,790000.0,1870000.0,5250000.0
category1_category2,لباس زنانه,جوراب و ساق زنانه,7137,47043,2905,4232,40.70337676895054,1206,757,470,230,3.0,87.0,47039,45793,44367,91,7136,99.98598851057868,243000.0,680000.0,2800000.0
category1_category2,لباس زنانه,دامن زنانه,1444,3019,603,841,41.7590027700831,129,55,31,6,2.0,19.899999999999977,3019,2767,2791,64,1444,100.0,1500000.0,3400000.0,8990000.0
category1_category2,لباس زنانه,سویشرت زنانه,1138,1436,366,772,32.161687170474515,68,40,14,2,2.0,16.0,1436,1350,1350,59,1138,100.0,1680000.0,1880000.0,12000000.0
category1_category2,لباس زنانه,شلوار جین زنانه,1229,2462,372,857,30.268510984540278,109,59,31,7,2.0,27.899999999999977,2462,2302,2408,85,1229,100.0,2990000.0,6760000.0,16000000.0
category1_category2,لباس زنانه,شلوار و سرهمی زنانه,2047,5675,797,1250,38.935026868588174,228,109,47,20,2.0,24.0,5675,5313,5327,128,2047,100.0,1890000.0,5000000.0,14041999.999999989
category1_category2,لباس زنانه,شلوارک زنانه,724,587,189,535,26.104972375690608,31,9,3,1,1.0,9.0,587,547,552,47,724,100.0,1757500.0,4215000.0,8595920.0
category1_category2,لباس زنانه,لباس بارداری,783,1619,257,526,32.82247765006386,68,42,16,5,2.0,24.0,1619,1573,1444,25,783,100.0,940000.0,3000000.0,10030000.0
category1_category2,لباس زنانه,لباس خواب و راحتی زنانه,7464,24802,2504,4960,33.547695605573416,727,417,258,112,2.0,42.0,24800,24369,23249,138,7464,100.0,900000.0,2800000.0,9000000.0
category1_category2,لباس زنانه,لباس زیر زنانه,12930,80764,5322,7608,41.1600928074246,2184,1374,842,396,3.0,77.0,80755,80532,76309,189,12930,100.0,490000.0,1200000.0,6000000.0
category1_category2,لباس زنانه,لباس ورزشی زنانه,11485,15071,2699,8786,23.50021767522856,591,295,125,46,2.0,18.0,15070,14644,14421,162,11485,100.0,1352000.0,4559000.0,10000000.0
category1_category2,لباس زنانه,لگینگ زنانه,879,1745,331,548,37.65642775881684,92,42,15,4,2.0,17.5,1745,1648,1248,43,879,100.0,1000000.0,2350000.0,7500000.0
category1_category2,لباس زنانه,هودی زنانه,2519,7064,771,1748,30.607383882493053,212,105,58,36,2.0,36.5,7064,6618,6518,55,2519,100.0,1050000.0,1389000.0,8630000.0
category1_category2,لباس زنانه,پالتو، بارانی و کاپشن زنانه,1293,1536,322,971,24.903325599381283,103,37,14,1,2.0,17.94999999999999,1536,1407,1481,80,1293,100.0,4880000.0,9650000.0,44012999.99999999
category1_category2,لباس زنانه,پوشش اسلامی,3587,13518,1467,2120,40.89768608865347,475,268,145,61,2.0,39.0,13516,12750,12652,99,3586,99.97212155004182,1046250.0,5980000.0,16800000.0
category1_category2,لباس زنانه,پولوشرت زنانه,61,135,21,40,34.42622950819672,7,4,3,0,2.0,25.0,135,125,131,13,61,100.0,1180000.0,3360000.0,17000000.0
category1_category2,لباس زنانه,پیراهن و لباس مجلسی زنانه,2908,2418,724,2184,24.896836313617605,117,40,16,2,2.0,11.0,2418,2213,2305,104,2907,99.9656121045392,2616590.0,6900000.0,19987000.0
category1_category2,لباس زنانه,ژاکت و پلیور زنانه,1194,961,295,899,24.706867671691793,40,20,5,1,1.0,12.0,961,920,903,67,1194,100.0,2500000.0,5689000.0,13517499.999999996
category1_category2,لباس زنانه,کت،جلیقه و ست رسمی زنانه,465,567,141,324,30.322580645161292,40,15,1,0,2.0,14.0,567,516,455,41,465,100.0,2980000.0,8500000.0,28907999.999999985
category1_category2,لباس سنتی و محلی,لباس محلی زنانه,72,0,0,72,0.0,0,0,0,0,,,0,0,0,3,72,100.0,1410000.0,4025000.0,13430000.000000015
category1_category2,لباس سنتی و محلی,لباس محلی مردانه,17,0,0,17,0.0,0,0,0,0,,,0,0,0,2,17,100.0,1176000.0,3352500.0,23775999.999999978
category1_category2,لباس سنتی و محلی,پوشاک بچگانه,3,0,0,3,0.0,0,0,0,0,,,0,0,0,1,3,100.0,1710000.0,1800000.0,2047590.0
category1_category2,لباس مردانه,تاپ مردانه,1124,2463,446,678,39.679715302491104,140,68,28,1,3.0,21.0,2463,2383,2318,24,1124,100.0,499000.0,1089000.0,4413499.999999953
category1_category2,لباس مردانه,تی شرت مردانه,18044,58911,5239,12805,29.034582132564843,1772,1030,558,259,2.0,48.0,58901,56793,55459,188,18044,100.0,489000.0,2299000.0,7900000.0
category1_category2,لباس مردانه,جوراب مردانه,3673,36000,1619,2054,44.07841001905799,739,505,331,191,4.0,161.19999999999982,35998,34945,33842,78,3673,100.0,240000.0,797000.0,4661999.999999989
category1_category2,لباس مردانه,ساق مردانه,68,1131,40,28,58.8235294117647,17,16,14,7,2.5,139.14999999999998,1130,1107,1069,2,68,100.0,285250.0,840000.0,2988700.0
category1_category2,لباس مردانه,سویشرت مردانه,2468,5426,733,1735,29.700162074554296,206,117,60,17,2.0,27.799999999999955,5425,5220,4971,77,2468,100.0,1554000.0,2800000.0,14482500.000000004
category1_category2,لباس مردانه,شلوار جین مردانه,745,3285,148,597,19.86577181208054,64,46,38,19,3.0,141.3,3285,3186,3083,43,745,100.0,3630900.0,10000000.0,28000000.0
category1_category2,لباس مردانه,شلوار و سرهمی مردانه,1274,10212,523,751,41.051805337519625,235,161,103,57,4.0,115.79999999999995,10210,9890,9767,62,1274,100.0,1692285.0,7110000.0,24000000.0
category1_category2,لباس مردانه,شلوارک مردانه,406,1393,136,270,33.49753694581281,35,18,13,7,2.0,39.5,1392,1349,1360,35,406,100.0,2490000.0,5612500.0,11200000.0
category1_category2,لباس مردانه,لباس راحتی مردانه,4866,17673,1630,3236,33.49773941635841,584,356,203,83,2.0,50.549999999999955,17673,17071,16573,89,4866,100.0,999000.0,2200000.0,9800000.0
category1_category2,لباس مردانه,لباس زیر مردانه,7344,63001,3317,4027,45.1661220043573,1379,955,630,331,3.0,121.19999999999982,62994,62436,59353,130,7344,100.0,550000.0,1900000.0,8700000.0
category1_category2,لباس مردانه,لباس ورزشی مردانه,6106,31072,2646,3460,43.33442515558467,1011,630,344,133,3.0,49.75,31070,29560,29155,122,6105,99.98362266622993,780000.0,4490000.0,19890000.0
category1_category2,لباس مردانه,هودی مردانه,3244,22426,1064,2180,32.79901356350185,479,343,232,127,3.5,130.69999999999982,22424,21435,20838,61,3244,100.0,990000.0,2499000.0,9000000.0
category1_category2,لباس مردانه,پالتو، بارانی و کاپشن مردانه,824,1989,103,721,12.5,56,33,19,11,5.0,91.99999999999983,1988,1896,1926,70,824,100.0,5950000.0,20000000.0,105477999.99999969
category1_category2,لباس مردانه,پولوشرت مردانه,1442,8491,574,868,39.80582524271845,221,140,84,48,3.0,87.35000000000002,8491,8213,7627,76,1442,100.0,2141400.0,3900000.0,14000000.0
category1_category2,لباس مردانه,پیراهن مردانه,2682,4752,827,1855,30.835197613721103,233,100,35,14,2.0,17.699999999999932,4751,4503,4569,91,2681,99.96271439224459,2700000.0,6720000.0,20500000.0
category1_category2,لباس مردانه,ژاکت و پلیور مردانه,1283,6860,573,710,44.66095089633671,254,150,80,25,4.0,46.0,6859,6633,6540,58,1283,100.0,2030000.0,4600000.0,19070999.999999974
category1_category2,لباس مردانه,کت، جلیقه و ست رسمی مردانه,377,188,38,339,10.079575596816976,13,4,1,0,3.0,14.449999999999996,188,180,185,25,377,100.0,3950000.0,21000000.0,54555999.99999999
category1_category2,لبنیات سنتی,پنیر خشک محلی,56,0,0,56,0.0,0,0,0,0,,,0,0,0,5,56,100.0,329750.0,782500.0,1805000.0
category1_category2,لبنیات سنتی,کره گیاهی و حیوانی محلی,9,0,0,9,0.0,0,0,0,0,,,0,0,0,1,9,100.0,2080000.0,3100000.0,4870000.0
category1_category2,لبنیات سنتی,کشک خشک محلی,85,0,0,85,0.0,0,0,0,0,,,0,0,0,5,85,100.0,349200.0,967200.0,2004199.9999999998
category1_category2,لوازم آشپزخانه سنتی,تابه دست ساز,4,0,0,4,0.0,0,0,0,0,,,0,0,0,1,4,100.0,5215000.0,6400000.0,11316499.999999998
category1_category2,لوازم آشپزخانه سنتی,تخته سرو دست ساز,30,0,0,30,0.0,0,0,0,0,,,0,0,0,3,30,100.0,1621750.0,5386250.0,9910000.0
category1_category2,لوازم آشپزخانه سنتی,سبد دستبافت,108,0,0,108,0.0,0,0,0,0,,,0,0,0,4,108,100.0,379350.0,910000.0,3426499.999999998
category1_category2,لوازم آشپزخانه سنتی,سرویس قاشق و چنگال و کارد دست ساز,4,0,0,4,0.0,0,0,0,0,,,0,0,0,2,4,100.0,380000.0,715000.0,1993499.9999999995
category1_category2,لوازم آشپزخانه سنتی,قاشق دست ساز,17,0,0,17,0.0,0,0,0,0,,,0,0,0,2,17,100.0,475000.0,1060000.0,3142399.999999999
category1_category2,لوازم آشپزخانه سنتی,هاون سنتی,4,0,0,4,0.0,0,0,0,0,,,0,0,0,1,4,100.0,1050500.0,2475000.0,3882500.0
category1_category2,لوازم آشپزخانه سنتی,پیمانه دست ساز,2,0,0,2,0.0,0,0,0,0,,,0,0,0,1,2,100.0,2521000.0,7390000.0,12259000.0
category1_category2,لوازم آشپزخانه سنتی,چاقو دست ساز,3,0,0,3,0.0,0,0,0,0,,,0,0,0,1,3,100.0,2790000.0,5490000.0,6390000.0
category1_category2,لوازم اداری,آهن ربا,314,9814,225,89,71.65605095541402,153,119,91,53,11.0,200.0,9812,9568,9130,4,314,100.0,203900.0,440000.0,975359.9999999998
category1_category2,لوازم اداری,ابزار بایگانی,599,15257,407,192,67.9465776293823,285,224,163,83,13.0,200.0,15256,14923,14440,20,599,100.0,238800.0,585000.0,999000.0
category1_category2,لوازم اداری,اقلام مصرفی لوازم اداری,709,18639,516,193,72.77856135401974,357,260,186,111,10.0,200.0,18635,18301,17327,34,709,100.0,192000.0,498500.0,974080.0000000001
category1_category2,لوازم اداری,تخته,190,3456,126,64,66.3157894736842,76,55,35,18,7.0,190.5,3455,3383,3211,8,190,100.0,244890.0,440000.0,974100.0
category1_category2,لوازم اداری,تمبر,1867,461,245,1622,13.122656668452063,19,3,0,0,1.0,5.799999999999983,461,450,450,1,1867,100.0,161500.00000000006,480000.0,900000.0
category1_category2,لوازم اداری,ذره بین,83,2171,53,30,63.855421686746986,40,36,28,14,20.0,171.79999999999998,2171,2118,2021,2,83,100.0,264310.0,580000.0,1051700.0
category1_category2,لوازم اداری,سطل زباله اداری,27,1360,21,6,77.77777777777777,15,14,11,8,20.0,200.0,1360,1343,737,5,27,100.0,424000.0,700000.0,1024929.9999999999
category1_category2,لوازم اداری,قیچی,288,8508,201,87,69.79166666666667,138,108,90,53,13.0,200.0,8507,8310,8054,15,288,100.0,258765.0,537500.0,897389.9999999999
category1_category2,لوازم اداری,لوازم اداری رومیزی,1336,17652,480,856,35.92814371257485,297,229,176,110,8.0,200.0,17652,17200,16681,44,1336,100.0,318450.0,860000.0,1090000.0
category1_category2,لوازم اداری,مجموعه لوازم اداری,2,0,0,2,0.0,0,0,0,0,,,0,0,0,2,2,100.0,943000.0,970000.0,997000.0
category1_category2,لوازم اداری,منگنه,92,2757,54,38,58.69565217391305,45,37,29,19,25.0,200.0,2757,2681,2638,14,92,100.0,242305.0,709000.0,1037550.0
category1_category2,لوازم اداری,مهر و استامپ,350,2807,214,136,61.142857142857146,95,56,32,11,4.0,49.349999999999994,2807,2744,2671,7,350,100.0,200000.0,500000.0,985500.0000000001
category1_category2,لوازم اداری,پوشه,358,10137,270,88,75.41899441340782,166,126,87,54,8.0,200.0,10137,9932,9733,10,358,100.0,184000.0,424400.0,950599.9999999999
category1_category2,لوازم اداری,چسب,914,34787,651,263,71.2253829321663,477,388,308,199,17.0,200.0,34784,34091,32663,39,914,100.0,200000.0,470000.0,950000.0
category1_category2,لوازم اصلاح مو,افتر شیو,119,4706,100,19,84.03361344537815,77,64,43,24,15.0,200.05,4705,4565,4414,28,119,100.0,437100.0,1899100.0,4809099.999999999
category1_category2,لوازم اصلاح مو,تیغ و یدک اصلاح,922,37736,628,294,68.11279826464208,489,419,338,227,24.0,200.0,37730,36808,35736,33,921,99.89154013015184,215000.0,1100000.0,10000000.0
category1_category2,لوازم اصلاح مو,لوازم جانبی اصلاح,273,12695,206,67,75.45787545787546,167,146,114,77,28.0,200.0,12695,12430,12082,11,273,100.0,151000.0,608000.0,15899999.999999978
category1_category2,لوازم اصلاح مو,مراقبت بعد از موزدایی,29,1120,24,5,82.75862068965517,20,13,10,5,13.0,201.85,1120,1088,1089,13,29,100.0,540000.0,799000.0,6749999.999999989
category1_category2,لوازم اصلاح مو,موبر,772,21895,599,173,77.59067357512953,393,300,214,123,10.0,200.0,21894,21103,20831,48,772,100.0,280165.0,1300000.0,3400000.0
category1_category2,لوازم اصلاح مو,ژل و فوم اصلاح,165,6970,136,29,82.42424242424242,115,102,74,41,23.5,200.0,6970,6747,6599,25,165,100.0,437000.0,1400000.0,4243999.999999997
category1_category2,لوازم اصلاح مو,کرم موبر,164,12831,145,19,88.41463414634147,122,112,97,73,51.0,202.0,12830,12451,12418,29,164,100.0,286800.0,764850.0,2867999.9999999995
category1_category2,لوازم تعویض,تشک و زیرانداز تعویض کودک,347,1852,190,157,54.75504322766571,100,60,30,2,5.0,32.0,1851,1798,1778,8,347,100.0,490000.0,1526600.0,3520000.0
category1_category2,لوازم تعویض,دستمال مرطوب کودک,271,9552,203,68,74.90774907749078,142,112,98,63,18.0,200.0,9551,9264,8859,26,271,100.0,250000.0,690000.0,3827500.0
category1_category2,لوازم تعویض,روغن بچه,62,1314,44,18,70.96774193548387,20,14,11,9,4.0,192.80000000000007,1314,1261,1245,21,62,100.0,460450.0,1185000.0,4085854.9999999995
category1_category2,لوازم تعویض,شورت آموزشی کودک,112,556,62,50,55.357142857142854,22,17,11,2,2.5,40.54999999999996,556,524,548,8,112,100.0,486000.0,1500000.0,3680000.0
category1_category2,لوازم تعویض,پودر بچه,29,550,25,4,86.20689655172414,14,9,7,4,5.0,86.99999999999994,549,529,545,6,29,100.0,478000.0,1200000.0,3128919.999999999
category1_category2,لوازم تعویض,پوشک کودک و نوزاد,230,13197,129,101,56.08695652173913,109,100,94,74,93.0,200.0,13197,12658,12758,24,230,100.0,448800.0,2042000.0,19589999.99999997
category1_category2,لوازم تعویض,کاور دستمال کاغذی و سطل کودک و نوزاد,66,372,25,41,37.878787878787875,6,2,2,2,2.0,97.79999999999968,372,361,336,2,66,100.0,662500.0,2999000.0,6925000.0
category1_category2,لوازم تعویض,کرم، بالم و لوسیون کودک و نوزاد,363,12368,237,126,65.2892561983471,175,150,114,74,18.0,200.0,12366,11758,11683,68,363,100.0,291000.0,1339300.0,9869999.999999996
category1_category2,لوازم تعویض,کهنه کودک و نوزاد,47,2485,43,4,91.48936170212765,30,30,27,19,42.0,200.0,2485,2395,2286,5,47,100.0,229000.0,540000.0,1344900.0
category1_category2,لوازم جانبی آلات موسیقی,آمپلی‌فایر,26,83,11,15,42.30769230769231,4,2,1,0,2.0,30.5,83,68,79,9,26,100.0,12592500.0,79250000.0,278750000.0
category1_category2,لوازم جانبی آلات موسیقی,ادوات درامز,32,60,19,13,59.375,4,1,0,0,1.0,7.999999999999979,60,54,52,5,32,100.0,3455000.0,6000000.0,16450000.0
category1_category2,لوازم جانبی آلات موسیقی,ادوات پرکاشن,40,337,21,19,52.5,9,6,3,1,4.0,43.0,337,311,285,4,40,100.0,1539000.0,4145000.0,16064999.999999968
category1_category2,لوازم جانبی آلات موسیقی,افکت گیتار,10,20,5,5,50.0,2,0,0,0,2.0,8.6,20,14,17,5,10,100.0,36112500.0,52750000.0,178729999.99999985
category1_category2,لوازم جانبی آلات موسیقی,سایر لوازم جانبی آلات موسیقی,789,12104,628,161,79.59442332065906,340,234,151,60,6.0,94.64999999999998,12102,11515,11214,21,789,100.0,199000.0,1000000.0,11299999.999999955
category1_category2,لوازم جانبی آلات موسیقی,سیم آلات موسیقی,495,5341,369,126,74.54545454545455,207,145,73,22,6.0,54.7999999999999,5340,4964,4780,18,495,100.0,580000.0,4500000.0,13642999.999999978
category1_category2,لوازم جانبی آلات موسیقی,صندلی و پایه‌ی آلات موسیقی,259,5993,209,50,80.6949806949807,124,92,59,33,8.0,200.0,5992,5672,5540,15,259,100.0,1190000.0,5800000.0,29099999.999999993
category1_category2,لوازم جانبی آلات موسیقی,مترونوم و تیونر,37,967,33,4,89.1891891891892,17,12,9,6,5.0,169.39999999999992,967,886,830,4,37,100.0,1895920.0,3790000.0,22999999.999999978
category1_category2,لوازم جانبی آلات موسیقی,میکروفون حرفه‌ای,475,6223,304,171,64.0,152,100,69,34,4.5,127.0999999999998,6221,5575,5824,75,475,100.0,1835070.0000000002,16000000.0,118000000.0
category1_category2,لوازم جانبی آلات موسیقی,کیس و کاور,137,1408,97,40,70.8029197080292,41,25,13,4,3.0,35.599999999999966,1408,1316,1316,2,137,100.0,1544200.0,5000000.0,39699999.99999996
category1_category2,لوازم جانبی فرش و ابزار فرش,ملزومات فرش,1105,563,52,1053,4.705882352941177,23,10,6,3,4.0,49.849999999999774,563,527,474,1,1105,100.0,4620000.0,34522000.0,64742999.999999985
category1_category2,لوازم جانبی فرش و ابزار فرش,گیره، ترمز و محافظ ریشه فرش,219,6944,177,42,80.82191780821918,121,93,64,43,11.0,200.0,6944,6825,6498,4,219,100.0,171800.0,525000.0,1754999.9999999998
category1_category2,لوازم سفر,ساک سفری,1035,9480,247,788,23.864734299516908,157,119,89,58,9.0,200.0,9480,9177,9174,35,1032,99.71014492753623,1030000.0,3200000.0,29989999.99999985
category1_category2,لوازم سفر,چتر,150,179,1,149,0.6666666666666666,1,1,1,1,179.0,179.0,179,169,152,7,148,98.66666666666667,2487000.0,3800000.0,7465000.000000001
category1_category2,لوازم سفر,چمدان,1093,2328,101,992,9.240622140896615,76,55,26,11,10.0,112.0,2328,2275,2172,39,1089,99.63403476669717,1120000.0000000002,49000000.0,220000000.0
category1_category2,لوازم سفر,کیف و کوله سفری,2559,9462,401,2158,15.670183665494333,198,130,98,54,4.0,155.0,9461,9077,8929,140,2555,99.84368894099258,1079400.0,4918000.0,51100000.0
category1_category2,لوازم سفر,کیف پول سفری,16,109,5,11,31.25,3,2,1,1,5.0,73.39999999999998,109,98,101,4,16,100.0,650000.0,2550000.0,9250000.0
category1_category2,لوازم پزشکی,اتوسکوپ,9,66,6,3,66.66666666666667,3,1,1,0,6.5,32.25,65,59,35,3,9,100.0,10560000.0,23400000.0,36818920.0
category1_category2,لوازم پزشکی,تجهیزات معاینه پزشکی,21,49,5,16,23.80952380952381,3,2,1,0,7.0,22.799999999999997,49,27,48,3,21,100.0,1275000.0,5625000.0,114990000.0
category1_category2,لوازم پزشکی,ست معاینه,6,6,2,4,33.333333333333336,0,0,0,0,3.0,3.9,6,6,2,2,6,100.0,472500.0,3951000.0,98500000.0
category1_category2,لوازم کمپینگ,اجاق و ظرف سفری,692,3935,131,561,18.930635838150287,94,63,41,22,9.0,150.5,3934,3777,3703,43,690,99.71098265895954,944775.0,5500000.0,50504999.99999986
category1_category2,لوازم کمپینگ,تجهیزات اسکان,1095,7340,209,886,19.08675799086758,131,105,76,37,10.0,200.0,7338,7061,6906,70,1095,100.0,1100000.0,5900000.0,77000000.0
category1_category2,لوازم کمپینگ,تجهیزات کمپینگ,11517,69235,2646,8871,22.974733003386298,1226,923,659,390,4.0,200.0,69223,66716,65557,213,11510,99.93922028305983,199000.0,700000.0,8900000.0
category1_category2,ماساژور,صندلی ماساژور,19,155,5,14,26.31578947368421,4,3,3,1,22.0,69.6,155,139,130,9,19,100.0,17780000.0,191100000.0,3132999999.9999995
category1_category2,ماساژور,ماساژور برقی,576,8985,377,199,65.45138888888889,214,156,97,44,6.0,143.59999999999997,8985,8149,8595,71,576,100.0,2695000.0,29950000.0,175422500.0
category1_category2,ماساژور,ماساژور دستی,437,18092,353,84,80.77803203661327,259,213,162,107,14.0,200.0,18090,17556,17339,19,437,100.0,174000.0,1050000.0,28571159.999999996
category1_category2,ماسک و لوازم جانبی ماسک,ماسک تنفسی,376,14092,276,100,73.40425531914893,201,163,114,72,13.0,200.0,14091,13708,9836,12,376,100.0,200000.0,600000.0,2100000.0
category1_category2,مجلات,مجلات خارجی,882,1243,207,675,23.46938775510204,74,26,7,3,3.0,15.699999999999989,1243,1151,1181,32,882,100.0,450000.0,1300000.0,6000000.0
category1_category2,مجلات,مجلات داخلی,485,995,279,206,57.52577319587629,54,17,4,1,2.0,10.099999999999966,995,894,941,28,485,100.0,400000.0,900000.0,2000000.0
category1_category2,محصولات سنگی، چینی و سرامیکی,جعبه,7,0,0,7,0.0,0,0,0,0,,,0,0,0,1,7,100.0,6450000.0,12000000.0,14099999.999999998
category1_category2,محصولات سنگی، چینی و سرامیکی,سفال، سرامیک و چینی,2651,6695,853,1798,32.17653715579027,255,135,67,23,2.0,29.399999999999977,6694,6338,6398,4,2651,100.0,399000.0,1750000.0,6470000.0
category1_category2,محصولات سنگی، چینی و سرامیکی,ظروف سرو و پذیرایی,75,75,26,49,34.666666666666664,3,1,0,0,1.0,8.5,75,69,74,1,75,100.0,400000.0,1020000.0,13389999.999999996
category1_category2,محصولات سنگی، چینی و سرامیکی,کاشی کاری,10601,2786,1276,9325,12.03660032072446,99,34,10,1,1.0,6.0,2786,2665,2723,3,10600,99.99056692764833,290000.0,500000.0,2160000.0
category1_category2,محصولات سنگی، چینی و سرامیکی,گلدان,228,369,40,188,17.54385964912281,8,5,3,1,2.0,31.49999999999997,369,345,364,3,228,100.0,400000.0,1400000.0,9964999.999999998
category1_category2,محصولات فلزی,فیروزه کوبی,301,0,0,301,0.0,0,0,0,0,,,0,0,0,3,301,100.0,6000000.0,18000000.0,43600000.0
category1_category2,محصولات فلزی,قلمزنی,162,36,3,159,1.8518518518518519,1,1,1,0,3.0,29.099999999999998,36,35,14,1,162,100.0,6748250.0,24000000.0,48954999.99999999
category1_category2,محصولات فلزی,محصولات برنجی و برنزی,586,159,56,530,9.556313993174061,11,2,0,0,2.0,8.25,159,151,148,1,585,99.82935153583618,1820000.0000000002,7300000.0,42711999.99999999
category1_category2,محصولات فلزی,محصولات مسی,1448,1273,158,1290,10.911602209944752,52,31,20,4,3.0,39.45000000000002,1273,1217,1147,5,1447,99.93093922651934,1653690.0,7157000.0,29623240.000000004
category1_category2,محصولات فلزی,محصولات نقره,1,0,0,1,0.0,0,0,0,0,,,0,0,0,1,1,100.0,4977000.0,4977000.0,4977000.0
category1_category2,محصولات فلزی,معرق فلزی,18,0,0,18,0.0,0,0,0,0,,,0,0,0,1,18,100.0,4775000.0,6920000.0,19876499.99999997
category1_category2,محصولات فلزی,ملیله کاری,105,0,0,105,0.0,0,0,0,0,,,0,0,0,1,105,100.0,4979100.0,16020000.0,39587199.99999999
category1_category2,محصولات فلزی,میناکاری,521,38,21,500,4.030710172744722,1,0,0,0,1.0,4.0,38,37,38,2,521,100.0,1400000.0,6500000.0,32500000.0
category1_category2,محصولات چوبی و حصیری,حصیربافی,270,1367,88,182,32.592592592592595,28,13,8,5,2.0,143.6499999999986,1366,1331,1100,7,270,100.0,499000.0,2116250.0,8549499.999999998
category1_category2,محصولات چوبی و حصیری,خاتم کاری,665,48,18,647,2.706766917293233,4,0,0,0,2.0,7.0,48,35,47,2,665,100.0,2990500.0,11925000.0,38899999.99999998
category1_category2,محصولات چوبی و حصیری,خراطی,9549,2216,612,8937,6.409048067860509,77,40,19,7,1.0,14.0,2216,2096,2125,8,9549,100.0,1020000.0,2270000.0,3142100.0
category1_category2,محصولات چوبی و حصیری,معرق کاری,365,2,2,363,0.547945205479452,0,0,0,0,1.0,1.0,2,2,2,1,365,100.0,980000.0,6450000.0,18050000.0
category1_category2,محصولات چوبی و حصیری,منبت کاری,29,1,1,28,3.4482758620689653,0,0,0,0,1.0,1.0,1,1,1,2,29,100.0,1436000.0,14900000.0,42599999.999999985
category1_category2,مد و پوشاک دخترانه و پسرانه,اکسسوری دخترانه و پسرانه,5163,18254,1767,3396,34.22428820453225,673,390,214,74,3.0,42.0,18252,17377,13429,66,5162,99.9806314158435,355250.00000000006,1424000.0,13900000.0
category1_category2,مد و پوشاک دخترانه و پسرانه,لباس دخترانه و پسرانه,6783,11870,1498,5285,22.084623323013417,469,268,143,50,2.0,36.0,11870,11441,8572,115,6783,100.0,389000.0,750000.0,5590000.0
category1_category2,مد و پوشاک دخترانه و پسرانه,کفش دخترانه و پسرانه,1273,3158,572,701,44.93322859387274,164,74,29,4,2.0,19.449999999999932,3158,2950,2493,46,1273,100.0,1700000.0,4480000.0,18661999.999999944
category1_category2,مراقبت پوست,تونر,263,8323,193,70,73.38403041825094,122,98,76,46,10.0,201.0,8321,7915,8117,76,263,100.0,500960.0,1268600.0,8188999.999999997
category1_category2,مراقبت پوست,روغن صورت,60,991,45,15,75.0,23,15,11,6,5.0,143.1999999999997,991,951,727,19,60,100.0,493800.0,1750000.0,15624499.999999993
category1_category2,مراقبت پوست,سرم پوست,496,12615,378,118,76.20967741935483,253,192,124,69,10.0,200.0,12615,11821,12162,124,496,100.0,740000.0,4120000.0,23330000.0
category1_category2,مراقبت پوست,لایه بردار پوست,392,13153,304,88,77.55102040816327,221,183,132,74,13.5,201.0,13151,12492,12641,134,392,100.0,535675.0,1610500.0,8591559.999999994
category1_category2,مراقبت پوست,ماسک صورت و بدن,1675,55318,1259,416,75.16417910447761,840,655,501,326,10.0,201.0,55312,52787,53430,125,1675,100.0,160000.0,640000.0,3998600.0
category1_category2,مراقبت پوست,پاک کننده آرایش صورت,1749,61415,1286,463,73.52773013150372,871,696,539,354,12.0,202.0,61414,58264,59277,284,1747,99.88564894225271,449150.0,1450700.0,10469999.999999981
category1_category2,مراقبت پوست,کرم برنز کننده,32,581,17,15,53.125,9,6,6,3,6.0,194.79999999999998,581,526,515,13,32,100.0,1245040.0,5200000.0,14474999.999999998
category1_category2,مراقبت پوست,کرم دور چشم,472,16367,349,123,73.94067796610169,238,193,146,86,13.0,202.0,16365,15565,15607,168,472,100.0,707975.0,3698500.0,27000000.0
category1_category2,مراقبت پوست,کرم روشن کننده,236,9602,179,57,75.84745762711864,128,96,78,57,10.0,202.0,9601,8970,9207,103,236,100.0,681500.0,2250000.0,22105000.0
category1_category2,مراقبت پوست,کرم سفت کننده پوست,42,1837,34,8,80.95238095238095,25,23,17,10,18.5,201.0,1837,1756,1748,31,42,100.0,884000.0,3184400.0,35361999.99999995
category1_category2,مراقبت پوست,کرم ضد آفتاب,1048,53522,892,156,85.1145038167939,685,584,459,316,21.0,202.0,53517,50275,51325,175,1046,99.80916030534351,764800.0,2302900.0,15860000.0
category1_category2,مراقبت پوست,کرم ضد لک,142,5111,118,24,83.09859154929578,86,69,49,27,13.5,201.0,5111,4742,4843,70,142,100.0,780600.0,3000000.0,20412799.999999996
category1_category2,مراقبت پوست,کرم ضد چروک,561,12855,373,188,66.48841354723707,207,156,123,69,6.0,200.0,12855,12191,12011,155,561,100.0,810800.0,4900000.0,37000000.0
category1_category2,مراقبت پوست,کرم مرطوب کننده و نرم کننده,3386,115153,2628,758,77.61370348493799,1806,1454,1103,661,12.5,201.0,115143,109828,109852,357,3386,100.0,270000.0,848000.0,6945000.0
category1_category2,مراقبت پوست,کرم و روغن رفع ترک بدن,42,2072,34,8,80.95238095238095,23,21,17,14,21.5,201.35,2072,1963,1919,23,42,100.0,410250.00000000006,1680800.0,14954924.999999996
category1_category2,مراقبت پوست,کرم و ژل ترمیم کننده,276,10376,216,60,78.26086956521739,162,122,94,66,12.0,201.0,10375,9692,9834,118,276,100.0,486425.0,1950000.0,15125000.0
category1_category2,مراقبت پوست,کرم و ژل ضد جوش,233,12116,196,37,84.12017167381974,156,134,101,65,23.0,203.0,12115,11296,11723,102,233,100.0,661320.0,1905000.0,12357739.999999994
category1_category2,مراقبت پوست,کرم پوشاننده,20,850,17,3,85.0,15,14,11,6,28.0,145.6,850,800,816,9,20,100.0,595600.0,1748400.0,13340000.000000006
category1_category2,ملزومات هدیه,پاکت هدیه و ساک خرید,6315,11805,1185,5130,18.764845605700714,352,198,113,49,2.0,37.799999999999955,11804,11390,11343,16,6315,100.0,290000.0,690000.0,959000.0
category1_category2,ملزومات هدیه,کارت دعوت,89,39,23,66,25.84269662921348,0,0,0,0,1.0,3.0,39,36,39,2,89,100.0,272000.0,455000.0,693000.0
category1_category2,ملزومات هدیه,کارت پستال,2971,4422,1033,1938,34.769437899697074,182,74,30,12,2.0,13.0,4422,4282,4195,7,2971,100.0,160000.0,199000.0,450000.0
category1_category2,ملزومات هدیه,کاغذ کادو,796,4204,340,456,42.71356783919598,127,70,35,18,3.0,51.25000000000006,4204,4102,4097,5,796,100.0,216000.0,290000.0,875000.0
category1_category2,مواد غذایی,ادویه و چاشنی ارگانیک,5898,12113,1576,4322,26.720922346558154,573,270,126,40,3.0,31.0,12113,11050,11191,41,5897,99.9830451000339,319000.0,890000.0,7903999.999999996
category1_category2,مواد غذایی,خشکبار و آجیل سنتی,2725,2578,542,2183,19.889908256880734,124,58,28,5,2.0,19.949999999999932,2578,2385,2310,27,2725,100.0,499520.0,2519000.0,17210599.999999993
category1_category2,مواد غذایی,سبزی‌های معطر,433,768,162,271,37.41339491916859,41,17,6,1,2.0,15.0,768,707,728,13,433,100.0,280000.0,615000.0,1643999.9999999998
category1_category2,مواد غذایی,شیرین کننده و نبات ارگانیک,290,1101,154,136,53.10344827586207,51,28,12,3,3.0,27.399999999999977,1101,1047,1053,11,290,100.0,270000.0,681200.0,1595500.0
category1_category2,مواد غذایی,عرقیات و گلاب محلی,815,1738,343,472,42.08588957055215,108,43,16,2,2.0,17.799999999999955,1738,1601,1633,11,815,100.0,330000.0,640000.0,1542999.9999999995
category1_category2,مواد غذایی,غلات و حبوبات ارگانیک,1716,7066,686,1030,39.976689976689975,265,156,93,26,3.0,43.75,7066,6738,6407,24,1716,100.0,348500.0,850000.0,5697450.0
category1_category2,مواد غذایی,نوشیدنی‌های ارگانیک,2437,4529,757,1680,31.062782109150596,241,101,47,13,2.0,22.0,4529,4097,3975,28,2437,100.0,362400.00000000006,1100000.0,9314239.999999978
category1_category2,نرم افزار,سیستم عامل,427,2412,135,292,31.615925058548008,62,43,23,13,4.0,96.59999999999997,2412,2278,2293,6,427,100.0,376500.0,3390000.0,8169999.999999999
category1_category2,نرم افزار,مجموعه آموزشی,188,1255,158,30,84.04255319148936,79,34,11,2,4.5,23.30000000000001,1254,1174,1097,15,188,100.0,207000.0,970000.0,2354500.000000001
category1_category2,نرم افزار,مجموعه نرم افزاری,300,1285,147,153,49.0,43,20,11,6,3.0,33.49999999999994,1285,1227,1218,18,300,100.0,164750.0,640000.0,7167060.000000003
category1_category2,نرم افزار,نرم افزارهای حسابداری,212,339,47,165,22.169811320754718,14,7,3,1,2.0,20.099999999999987,339,266,323,15,212,100.0,7915000.000000001,53750000.0,433049999.99999946
category1_category2,نرم افزار,نرم‌افزارهای امنیتی,46,298,24,22,52.17391304347826,8,4,2,1,2.0,24.199999999999974,298,274,291,6,46,100.0,1007000.0,5035500.0,22125000.0
category1_category2,نوزاد,اکسسوری نوزاد,2660,7421,850,1810,31.954887218045112,283,159,74,27,2.0,36.0,7421,7165,7027,46,2660,100.0,315000.0,790000.0,3500000.0
category1_category2,نوزاد,لباس نوزاد,12366,38616,3402,8964,27.510917030567686,1157,684,387,172,2.0,50.0,38613,36700,36590,164,12366,100.0,498400.0,1600000.0,6200000.0
category1_category2,نوزاد,کفش نوزاد,422,423,128,294,30.33175355450237,26,9,1,1,1.0,10.0,423,387,413,24,422,100.0,952000.0,2310000.0,5988000.0
category1_category2,نوشت افزار,تراش,752,11802,458,294,60.90425531914894,273,193,126,65,6.0,158.5999999999999,11801,11385,11272,31,752,100.0,188055.0,446150.0,871124.9999999999
category1_category2,نوشت افزار,جوهر و سایر لوازم,209,5311,172,37,82.29665071770334,129,97,61,32,12.0,139.19999999999982,5311,5167,4977,18,209,100.0,210000.0,450000.0,923999.9999999998
category1_category2,نوشت افزار,خودنویس,22,244,10,12,45.45454545454545,7,6,5,2,16.5,62.74999999999999,244,225,223,5,22,100.0,450000.0,868500.0,1053800.0
category1_category2,نوشت افزار,خودکار و روان نویس,2958,76111,2008,950,67.88370520622041,1307,1005,729,427,10.0,200.0,76107,72297,72892,68,2958,100.0,198000.0,450000.0,949150.0000000001
category1_category2,نوشت افزار,لوازم جانبی نوشت افزار,13,829,9,4,69.23076923076923,9,7,6,6,94.0,200.0,829,801,548,1,13,100.0,364400.0,460000.0,779999.9999999998
category1_category2,نوشت افزار,ماژیک,1278,29055,792,486,61.971830985915496,510,393,301,173,9.0,200.0,29053,27884,27809,49,1278,100.0,250000.0,670100.0,1036599.9999999994
category1_category2,نوشت افزار,مداد,2109,32791,1143,966,54.19630156472262,644,470,309,187,6.0,200.0,32789,31859,31128,59,2109,100.0,200000.0,518000.0,990000.0
category1_category2,نوشت افزار,مداد نوکی و نوک,1354,34557,918,436,67.79911373707533,571,433,300,190,8.0,200.0,34552,33243,33048,52,1353,99.9261447562777,213900.0,450000.0,946000.0
category1_category2,نوشت افزار,پاک کن و غلط گیر,1671,34517,990,681,59.245960502692995,562,417,310,186,6.0,200.0,34513,32921,33036,60,1671,100.0,181250.0,370000.0,900000.0
category1_category2,نوشت افزار,گچ,20,1445,17,3,85.0,14,14,13,9,50.0,200.0,1445,1417,1385,2,20,100.0,224555.0,455000.0,693000.0
category1_category2,ورزش های هوازی و تناسب اندام,تجهیزات و لوازم بدنسازی و هوازی,1151,10123,294,857,25.543006081668114,176,141,94,59,8.0,200.0,10122,9759,9850,47,1150,99.9131190269331,497545.0,2990000.0,9900000.0
category1_category2,وسایل بازی و تجهیزات پارکی کودک,اسب رکاب‌دار,4,1,1,3,25.0,0,0,0,0,1.0,1.0,1,1,1,1,4,100.0,11182500.0,37250000.0,74741499.99999999
category1_category2,وسایل بازی و تجهیزات پارکی کودک,تاب و سرسره,176,3346,135,41,76.70454545454545,76,53,30,16,6.0,164.89999999999992,3346,2987,3119,2,176,100.0,3087500.0,8605000.0,48825000.0
category1_category2,وسایل بازی و تجهیزات پارکی کودک,تجهیزات بازی بادی,965,11250,591,374,61.24352331606217,287,193,117,55,4.0,105.5,11250,10666,10322,11,964,99.89637305699482,700000.0,4605000.0,42433799.999999985
category1_category2,وسایل بازی و تجهیزات پارکی کودک,تشک بازی، پارک بازی و تشک بادی,278,5483,210,68,75.53956834532374,128,92,61,31,7.0,156.09999999999997,5482,5128,5000,16,278,100.0,1200000.0,6215000.0,56565000.0
category1_category2,وسایل بازی و تجهیزات پارکی کودک,روروک و واکر,98,1419,55,43,56.12244897959184,36,26,20,10,8.0,83.79999999999998,1419,1324,1302,12,98,100.0,979000.0,14749000.0,51717499.99999987
category1_category2,وسایل بازی و تجهیزات پارکی کودک,سه‌چرخه موتور و ماشین بازی,178,4558,113,65,63.48314606741573,63,47,34,28,6.0,200.0,4557,4065,4166,13,178,100.0,3000000.0,40445000.0,174600000.00000003
category1_category2,پسرانه,اکسسوری پسرانه,1391,3943,482,909,34.651329978432784,156,95,44,16,2.0,35.0,3943,3763,3641,32,1391,100.0,490000.0,1380000.0,5695000.0
category1_category2,پسرانه,لباس پسرانه,17797,44048,4715,13082,26.4932291959319,1528,894,468,174,2.0,38.30000000000018,44041,42544,40380,244,17797,100.0,389000.0,1680000.0,7032000.000000007
category1_category2,پسرانه,کفش پسرانه,1948,6597,808,1140,41.478439425051334,287,152,75,22,2.0,30.649999999999977,6596,6343,5029,58,1946,99.89733059548254,800000.0,2521500.0,14962500.0
category1_category2,کفش زنانه,بوت زنانه,86,193,35,51,40.69767441860465,13,7,2,0,2.0,19.299999999999997,193,163,175,12,86,100.0,6262500.0,32320000.0,77575000.0
category1_category2,کفش زنانه,بوت ساق بلند زنانه,18,25,5,13,27.77777777777778,1,1,0,0,3.0,14.199999999999998,25,21,24,7,18,100.0,7298000.0,33000000.0,80117499.99999999
category1_category2,کفش زنانه,دمپایی زنانه,3008,18532,1715,1293,57.014627659574465,620,367,202,86,3.0,49.299999999999955,18532,17619,17387,42,3007,99.96675531914893,890000.0,2000000.0,7000000.0
category1_category2,کفش زنانه,دمپایی لاانگشتی زنانه,287,1586,202,85,70.38327526132404,86,47,24,3,3.0,27.94999999999999,1586,1503,1452,15,287,100.0,879000.0,1520000.0,7394999.999999997
category1_category2,کفش زنانه,ست کیف و کفش زنانه,41,42,12,29,29.26829268292683,5,0,0,0,3.0,6.349999999999998,42,34,41,2,41,100.0,4541000.0,11990000.0,49700000.0
category1_category2,کفش زنانه,صندل زنانه,2345,9507,1057,1288,45.07462686567164,357,188,101,43,3.0,35.599999999999795,9505,8840,8987,99,2345,100.0,1390600.0,4370000.0,27790000.0
category1_category2,کفش زنانه,نیم بوت زنانه,999,5247,517,482,51.751751751751755,179,99,62,19,3.0,42.0,5247,4741,4856,65,999,100.0,2871170.0,12200000.0,56670000.0
category1_category2,کفش زنانه,کفش تخت زنانه,794,3444,381,413,47.984886649874056,101,66,37,19,2.0,49.0,3444,3030,3214,52,794,100.0,1777500.0,3982000.0,31050000.0
category1_category2,کفش زنانه,کفش روزمره زنانه,2658,7330,1159,1499,43.604213694507145,335,187,68,17,2.0,22.0,7330,6791,5082,127,2658,100.0,1989850.0,6530000.0,33000000.0
category1_category2,کفش زنانه,کفش ورزشی زنانه,2918,13638,1404,1514,48.115147361206304,438,237,141,65,2.0,41.84999999999991,13636,12537,12884,101,2918,100.0,1996800.0,6510500.0,62600000.0
category1_category2,کفش زنانه,کفش پاشنه دار زنانه,1484,5001,616,868,41.509433962264154,192,100,53,22,2.5,35.25,5001,4690,4853,57,1484,100.0,1820000.0,7980000.0,30990000.0
category1_category2,کفش زنانه,کفش کالج زنانه,126,625,56,70,44.44444444444444,19,9,5,3,2.0,35.75,625,595,363,24,126,100.0,1792000.0,9590000.0,24037500.0
category1_category2,کفش زنانه,گیوه زنانه,31,158,20,11,64.51612903225806,11,4,1,1,5.0,16.850000000000026,158,144,147,2,31,100.0,2650000.0,3500000.0,5235000.0
category1_category2,کفش زنانه و مردانه,مراقبت کفش و لوازم جانبی,1775,36077,1261,514,71.04225352112677,812,601,417,201,9.0,164.0,36073,35267,33820,54,1775,100.0,165000.0,470000.0,5300909.999999982
category1_category2,کفش زنانه و مردانه,کفش ورزشی زنانه و مردانه,1530,12721,846,684,55.294117647058826,326,204,121,67,3.0,79.25,12720,11700,10414,55,1530,100.0,1980000.0,5780600.0,52000000.0
category1_category2,کفش مردانه,بوت مردانه,82,840,51,31,62.19512195121951,27,17,11,3,7.0,49.5,840,739,735,21,82,100.0,2037995.0,12250000.0,76999500.0
category1_category2,کفش مردانه,دمپایی لاانگشتی مردانه,167,653,104,63,62.275449101796404,34,17,4,2,2.0,17.0,653,623,614,11,167,100.0,930000.0,1750000.0,6870000.0
category1_category2,کفش مردانه,دمپایی مردانه,873,8945,526,347,60.25200458190149,253,169,101,46,4.0,84.5,8945,8746,8055,28,873,100.0,867000.0,1640000.0,8000000.0
category1_category2,کفش مردانه,صندل مردانه,1526,19614,988,538,64.74442988204456,485,329,207,110,4.0,112.59999999999991,19610,18745,18430,61,1526,100.0,800875.0,2890000.0,16490000.0
category1_category2,کفش مردانه,نیم بوت مردانه,1123,9623,603,520,53.69545859305432,263,160,106,45,4.0,70.79999999999995,9620,8928,8948,86,1123,100.0,3180000.0,14200000.0,89000000.0
category1_category2,کفش مردانه,کفش رسمی مردانه,1414,11174,649,765,45.8981612446959,262,180,128,58,3.0,94.60000000000014,11173,10544,10524,75,1413,99.92927864214992,2190000.0,11800000.0,41445000.0
category1_category2,کفش مردانه,کفش روزمره مردانه,3894,18298,1834,2060,47.09809964047252,654,418,211,81,3.0,42.0,18298,16934,11626,131,3894,100.0,2490000.0,9838000.0,40586000.0
category1_category2,کفش مردانه,کفش ورزشی مردانه,5260,39450,2649,2611,50.361216730038024,999,666,407,192,3.0,72.0,39442,36190,37596,120,5260,100.0,2189500.0,7415000.0,69500000.0
category1_category2,کفش مردانه,کفش کالج مردانه,269,1008,155,114,57.62081784386617,47,25,12,3,3.0,24.299999999999983,1008,930,620,36,269,100.0,2280000.0,9900000.0,29996000.0
category1_category2,کفش مردانه,گیوه مردانه,25,200,24,1,96.0,15,6,2,0,6.5,28.749999999999968,200,179,154,2,25,100.0,2798400.0,4201800.0,5970000.0
category1_category2,کوه‌ نوردی و صخره نوردی,تجهیزات کوهنوردی و صخره نوردی,163,1913,94,69,57.668711656441715,41,26,17,10,3.0,126.24999999999957,1912,1826,1814,15,163,100.0,381900.0,4200000.0,33808000.00000004
category1_category2,کوه‌ نوردی و صخره نوردی,عصا,115,1990,80,35,69.56521739130434,48,34,18,12,7.0,127.99999999999994,1990,1867,1804,17,115,100.0,970000.0,5900000.0,20379999.999999996
category1_category2,کوه‌ نوردی و صخره نوردی,چراغ قوه,1070,28070,822,248,76.82242990654206,532,412,283,157,10.0,200.0,28066,26362,26524,74,1066,99.62616822429906,560000.0,3400000.0,23372500.0
category1_category2,کیف، کوله و جامدادی,جامدادی,5385,18872,1364,4021,25.32961931290622,470,298,176,88,2.0,66.84999999999991,18871,17934,18238,32,5385,100.0,360000.0,790000.0,1050000.0
category1_category2,کیف، کوله و جامدادی,کیف و کوله مدرسه,22,34,6,16,27.272727272727273,4,0,0,0,5.5,7.75,34,32,32,2,22,100.0,345135.0,980000.0,990000.0
category1_category2,کیک و شیرینی خانگی,شکلات خانگی,99,0,0,99,0.0,0,0,0,0,,,0,0,0,6,99,100.0,320000.0,840000.0,2014999.999999999
category1_category2,کیک و شیرینی خانگی,شیرینی خانگی,363,0,0,363,0.0,0,0,0,0,,,0,0,0,5,363,100.0,341000.0,1100000.0,5900000.0
category1_category2,کیک و شیرینی خانگی,کیک و کلوچه محلی,28,0,0,28,0.0,0,0,0,0,,,0,0,0,2,28,100.0,484000.0,870000.0,1524999.9999999993
category1_category2,گلیم و گبه,گبه دستبافت,599,2,2,597,0.333889816360601,0,0,0,0,1.0,1.0,2,1,2,2,599,100.0,30500000.0,133000000.0,378700000.0000002
category1_category2,گلیم و گبه,گبه ماشینی,38,13,5,33,13.157894736842104,1,0,0,0,2.0,4.8,13,11,3,4,38,100.0,12170000.0,49750000.0,95024999.99999997
category1_category2,گلیم و گبه,گلیم دستبافت,615,17,14,601,2.2764227642276422,0,0,0,0,1.0,2.049999999999999,17,8,17,3,615,100.0,6000000.0,41000000.0,280000000.0
category1_category2,گلیم و گبه,گلیم فرش,10,0,0,10,0.0,0,0,0,0,,,0,0,0,1,10,100.0,5175000.0,36540000.0,125926874.99999991
category1_category2,گلیم و گبه,گلیم ماشینی,208,1652,153,55,73.5576923076923,76,47,18,7,4.0,47.400000000000006,1652,1530,980,8,208,100.0,935000.0000000001,4080000.0,17450000.0
